,dap,class,
0,77423,1,","
1,76402,1,","
2,76368,1,","
3,77364,1,","
4,79999,1,","
5,85843,1,","
6,93093,1,","
7,98177,1,","
8,98763,1,","
9,97250,1,","
10,98136,1,","
11,96198,1,","
12,94213,1,","
13,92020,1,","
14,90251,1,","
15,88991,1,","
16,89226,1,","
17,90802,1,","
18,95793,1,","
19,98180,1,","
20,97179,1,","
21,93089,1,","
22,88200,1,","
23,83952,1,","
24,82187,1,","
25,80043,1,","
26,79742,1,","
27,80167,1,","
28,80814,1,","
29,84673,1,","
30,91326,1,","
31,96918,1,","
32,98794,1,","
33,98826,1,","
34,98303,1,","
35,97314,1,","
36,95101,1,","
37,94985,1,","
38,93526,1,","
39,92241,1,","
40,91569,1,","
41,93199,1,","
42,92740,1,","
43,95051,1,","
44,94257,1,","
45,91286,1,","
46,87360,1,","
47,82390,1,","
48,78285,1,","
49,76446,1,","
50,75907,1,","
51,75885,1,","
52,77660,1,","
53,81877,1,","
54,88500,1,","
55,93271,1,","
56,95315,1,","
57,95243,1,","
58,94097,1,","
59,92721,1,","
60,90992,1,","
61,89203,1,","
62,87931,1,","
63,86621,1,","
64,86686,1,","
65,87807,1,","
66,89605,1,","
67,89641,1,","
68,89516,1,","
69,87094,1,","
70,82445,1,","
71,78109,1,","
72,74722,1,","
73,72617,1,","
74,71858,1,","
75,71745,1,","
76,73112,1,","
77,77176,1,","
78,83061,1,","
79,89038,1,","
80,91612,1,","
81,92195,1,","
82,93533,1,","
83,93911,1,","
84,93525,1,","
85,92633,1,","
86,91359,1,","
87,90229,1,","
88,89835,1,","
89,90814,1,","
90,90744,1,","
91,92196,1,","
92,91246,1,","
93,89004,1,","
94,84125,1,","
95,79944,1,","
96,75654,1,","
97,75721,1,","
98,75512,1,","
99,75925,1,","
100,77809,1,","
101,82391,1,","
102,89567,1,","
103,96060,1,","
104,98175,1,","
105,97672,1,","
106,95748,1,","
107,94301,1,","
108,91456,1,","
109,89521,1,","
110,87117,1,","
111,84814,1,","
112,83365,1,","
113,83628,1,","
114,87333,1,","
115,88619,1,","
116,91531,1,","
117,89592,1,","
118,88195,1,","
119,84968,1,","
120,82334,1,","
121,80913,1,","
122,80507,1,","
123,80816,1,","
124,81664,1,","
125,84352,1,","
126,87791,1,","
127,91082,1,","
128,92159,1,","
129,87967,1,","
130,85513,1,","
131,82294,1,","
132,78946,1,","
133,76127,1,","
134,73985,1,","
135,72428,1,","
136,72588,1,","
137,73616,1,","
138,75412,1,","
139,78681,1,","
140,82671,1,","
141,81269,1,","
142,79463,1,","
143,77261,1,","
144,75383,1,","
145,74376,1,","
146,74359,1,","
147,74601,1,","
148,76081,1,","
149,77764,1,","
150,80811,1,","
151,82356,1,","
152,84056,1,","
153,81248,1,","
154,77788,1,","
155,75245,1,","
156,73692,1,","
157,71322,0,","
158,69331,0,","
159,68914,0,","
160,69762,0,","
161,71831,1,","
162,73950,1,","
163,76916,1,","
164,80503,1,","
165,78618,1,","
166,75840,1,","
167,72852,1,","
168,70537,0,","
169,70133,0,","
170,70280,0,","
171,71185,0,","
172,73809,1,","
173,79356,1,","
174,87488,1,","
175,93133,1,","
176,92465,1,","
177,89397,1,","
178,86088,1,","
179,83388,1,","
180,81609,1,","
181,80179,1,","
182,78913,1,","
183,77733,1,","
184,78130,1,","
185,79147,1,","
186,80153,1,","
187,82488,1,","
188,84355,1,","
189,82103,1,","
190,77551,1,","
191,73537,1,","
192,70547,0,","
193,69341,0,","
194,68795,0,","
195,69247,0,","
196,71113,0,","
197,75566,1,","
198,82784,1,","
199,87784,1,","
200,88413,1,","
201,87252,1,","
202,85009,1,","
203,83155,1,","
204,81745,1,","
205,80777,1,","
206,79939,1,","
207,79394,1,","
208,79652,1,","
209,80880,1,","
210,81545,1,","
211,83466,1,","
212,84527,1,","
213,81607,1,","
214,77069,1,","
215,72380,1,","
216,68983,0,","
217,66868,0,","
218,65663,0,","
219,65332,0,","
220,66603,0,","
221,70199,0,","
222,76949,1,","
223,81576,1,","
224,83573,1,","
225,84529,1,","
226,85006,1,","
227,84841,1,","
228,85257,1,","
229,85256,1,","
230,84983,1,","
231,83846,1,","
232,83656,1,","
233,84124,1,","
234,85309,1,","
235,84837,1,","
236,85043,1,","
237,81939,1,","
238,77386,1,","
239,72589,1,","
240,69002,0,","
241,66977,0,","
242,65651,0,","
243,65250,0,","
244,66562,0,","
245,70456,0,","
246,76790,1,","
247,82028,1,","
248,83671,1,","
249,84051,1,","
250,84152,1,","
251,83619,1,","
252,83484,1,","
253,82881,1,","
254,82146,1,","
255,81228,1,","
256,81027,1,","
257,81584,1,","
258,82435,1,","
259,83837,1,","
260,85029,1,","
261,81431,1,","
262,77083,1,","
263,72686,1,","
264,68899,0,","
265,66494,0,","
266,65163,0,","
267,64790,0,","
268,65846,0,","
269,68972,0,","
270,74641,1,","
271,79722,1,","
272,82086,1,","
273,83383,1,","
274,83652,1,","
275,83580,1,","
276,82634,1,","
277,82371,1,","
278,81960,1,","
279,80877,1,","
280,80890,1,","
281,81595,1,","
282,81772,1,","
283,81120,1,","
284,82955,1,","
285,79974,1,","
286,75815,1,","
287,71894,1,","
288,67952,0,","
289,65518,0,","
290,63874,0,","
291,63402,0,","
292,63506,0,","
293,65311,0,","
294,68146,0,","
295,71082,0,","
296,73299,1,","
297,73720,1,","
298,73621,1,","
299,72572,1,","
300,71911,1,","
301,71149,0,","
302,70580,0,","
303,71121,0,","
304,71856,1,","
305,73524,1,","
306,73974,1,","
307,75011,1,","
308,76037,1,","
309,74416,1,","
310,71397,1,","
311,67834,0,","
312,64402,0,","
313,62528,0,","
314,61393,0,","
315,60802,0,","
316,60996,0,","
317,61455,0,","
318,63303,0,","
319,65676,0,","
320,69094,0,","
321,72218,1,","
322,74131,1,","
323,75264,1,","
324,75857,1,","
325,75614,1,","
326,75138,1,","
327,74965,1,","
328,75676,1,","
329,77867,1,","
330,79342,1,","
331,80302,1,","
332,81472,1,","
333,78623,1,","
334,75635,1,","
335,72224,1,","
336,70577,0,","
337,69021,0,","
338,69034,0,","
339,69451,0,","
340,71413,1,","
341,76187,1,","
342,83850,1,","
343,89610,1,","
344,90547,1,","
345,88983,1,","
346,87110,1,","
347,85000,1,","
348,83316,1,","
349,81944,1,","
350,80121,1,","
351,78703,1,","
352,78344,1,","
353,79389,1,","
354,82479,1,","
355,82426,1,","
356,85712,1,","
357,83067,1,","
358,79642,1,","
359,75525,1,","
360,73662,1,","
361,72225,1,","
362,71632,1,","
363,71865,1,","
364,74640,1,","
365,78641,1,","
366,85877,1,","
367,90195,1,","
368,89010,1,","
369,85931,1,","
370,83656,1,","
371,81576,1,","
372,80219,1,","
373,79268,1,","
374,78340,1,","
375,77564,1,","
376,77782,1,","
377,78727,1,","
378,80677,1,","
379,81830,1,","
380,83638,1,","
381,80701,1,","
382,76499,1,","
383,72253,1,","
384,68420,0,","
385,66398,0,","
386,65493,0,","
387,65137,0,","
388,66798,0,","
389,69742,0,","
390,76200,1,","
391,80629,1,","
392,82679,1,","
393,83242,1,","
394,83778,1,","
395,84049,1,","
396,84341,1,","
397,83868,1,","
398,83931,1,","
399,83074,1,","
400,83406,1,","
401,84238,1,","
402,84751,1,","
403,85885,1,","
404,85991,1,","
405,83823,1,","
406,79700,1,","
407,75001,1,","
408,72673,1,","
409,71120,0,","
410,70100,0,","
411,70494,0,","
412,72398,1,","
413,76886,1,","
414,83549,1,","
415,89557,1,","
416,91884,1,","
417,92210,1,","
418,92237,1,","
419,91513,1,","
420,90261,1,","
421,88877,1,","
422,87841,1,","
423,87355,1,","
424,87813,1,","
425,88935,1,","
426,91213,1,","
427,93532,1,","
428,94913,1,","
429,92730,1,","
430,88778,1,","
431,84998,1,","
432,82429,1,","
433,81481,1,","
434,81497,1,","
435,82303,1,","
436,84751,1,","
437,89741,1,","
438,96658,1,","
439,101176,1,","
440,101030,1,","
441,98909,1,","
442,92819,1,","
443,91164,1,","
444,88770,1,","
445,86419,1,","
446,84104,1,","
447,82009,1,","
448,81196,1,","
449,82446,1,","
450,83842,1,","
451,86878,1,","
452,88993,1,","
453,88875,1,","
454,86317,1,","
455,83327,1,","
456,81080,1,","
457,80314,1,","
458,79459,1,","
459,79744,1,","
460,80822,1,","
461,83024,1,","
462,86278,1,","
463,88502,1,","
464,88006,1,","
465,85462,1,","
466,83187,1,","
467,79519,1,","
468,76846,1,","
469,74192,1,","
470,72357,1,","
471,70669,0,","
472,70512,0,","
473,72054,1,","
474,73701,1,","
475,76084,1,","
476,79314,1,","
477,78718,1,","
478,76576,1,","
479,73636,1,","
480,71024,0,","
481,69081,0,","
482,68533,0,","
483,68091,0,","
484,68391,0,","
485,69493,0,","
486,71977,1,","
487,74089,1,","
488,75797,1,","
489,75341,1,","
490,72703,1,","
491,70847,0,","
492,69018,0,","
493,67603,0,","
494,66762,0,","
495,66133,0,","
496,66840,0,","
497,67748,0,","
498,69245,0,","
499,70882,0,","
500,74264,1,","
501,73310,1,","
502,70442,0,","
503,67257,0,","
504,64754,0,","
505,63642,0,","
506,63594,0,","
507,63966,0,","
508,65919,0,","
509,70106,0,","
510,76758,1,","
511,81378,1,","
512,82052,1,","
513,81352,1,","
514,80754,1,","
515,79832,1,","
516,79000,1,","
517,78844,1,","
518,78406,1,","
519,78107,1,","
520,78474,1,","
521,79526,1,","
522,80358,1,","
523,81401,1,","
524,83582,1,","
525,80862,1,","
526,76626,1,","
527,71443,1,","
528,67635,0,","
529,65433,0,","
530,64526,0,","
531,64198,0,","
532,65391,0,","
533,69227,0,","
534,75798,1,","
535,80560,1,","
536,81706,1,","
537,81473,1,","
538,79955,1,","
539,79923,1,","
540,79913,1,","
541,80412,1,","
542,80220,1,","
543,80642,1,","
544,81267,1,","
545,82719,1,","
546,83582,1,","
547,84045,1,","
548,83971,1,","
549,82070,1,","
550,77367,1,","
551,72519,1,","
552,68152,0,","
553,65598,0,","
554,64289,0,","
555,63695,0,","
556,64778,0,","
557,67716,0,","
558,73937,1,","
559,78331,1,","
560,81534,1,","
561,81565,1,","
562,81750,1,","
563,82307,1,","
564,82399,1,","
565,83175,1,","
566,83880,1,","
567,84196,1,","
568,85276,1,","
569,85891,1,","
570,85516,1,","
571,85395,1,","
572,88458,1,","
573,84587,1,","
574,78243,1,","
575,73205,1,","
576,68713,0,","
577,65821,0,","
578,64225,0,","
579,63631,0,","
580,64562,0,","
581,67939,0,","
582,74121,1,","
583,78445,1,","
584,79585,1,","
585,80444,1,","
586,81193,1,","
587,81730,1,","
588,81357,1,","
589,82019,1,","
590,82448,1,","
591,82759,1,","
592,83476,1,","
593,84237,1,","
594,83161,1,","
595,84568,1,","
596,84988,1,","
597,80943,1,","
598,76123,1,","
599,71384,1,","
600,67211,0,","
601,64732,0,","
602,63447,0,","
603,62804,0,","
604,63662,0,","
605,66890,0,","
606,72497,1,","
607,77451,1,","
608,79535,1,","
609,80582,1,","
610,81314,1,","
611,81408,1,","
612,81348,1,","
613,82145,1,","
614,82182,1,","
615,81466,1,","
616,81184,1,","
617,81112,1,","
618,80473,1,","
619,80628,1,","
620,81283,1,","
621,78741,1,","
622,74486,1,","
623,70456,0,","
624,66367,0,","
625,63993,0,","
626,62446,0,","
627,61530,0,","
628,61832,0,","
629,62999,0,","
630,65193,0,","
631,68421,0,","
632,70874,0,","
633,72482,1,","
634,73447,1,","
635,73786,1,","
636,73518,1,","
637,73279,1,","
638,73228,1,","
639,73554,1,","
640,74545,1,","
641,75508,1,","
642,76117,1,","
643,76332,1,","
644,78003,1,","
645,75592,1,","
646,72525,1,","
647,68554,0,","
648,64743,0,","
649,62494,0,","
650,60838,0,","
651,60128,0,","
652,59875,0,","
653,60740,0,","
654,62224,0,","
655,64338,0,","
656,67074,0,","
657,69770,0,","
658,71533,1,","
659,72935,1,","
660,73193,1,","
661,73424,1,","
662,73681,1,","
663,74083,1,","
664,75072,1,","
665,76745,1,","
666,77563,1,","
667,77871,1,","
668,79432,1,","
669,76979,1,","
670,73477,1,","
671,68686,0,","
672,65904,0,","
673,64253,0,","
674,62792,0,","
675,62431,0,","
676,63901,0,","
677,67484,0,","
678,74244,1,","
679,79072,1,","
680,81668,1,","
681,82496,1,","
682,83172,1,","
683,83356,1,","
684,83481,1,","
685,83156,1,","
686,82223,1,","
687,81214,1,","
688,81109,1,","
689,81712,1,","
690,82617,1,","
691,83107,1,","
692,83354,1,","
693,80595,1,","
694,76803,1,","
695,72346,1,","
696,68858,0,","
697,67114,0,","
698,65794,0,","
699,65642,0,","
700,66997,0,","
701,70920,0,","
702,77327,1,","
703,81484,1,","
704,82953,1,","
705,82027,1,","
706,81291,1,","
707,80866,1,","
708,79574,1,","
709,79041,1,","
710,78307,1,","
711,77802,1,","
712,77774,1,","
713,78807,1,","
714,79649,1,","
715,81123,1,","
716,82334,1,","
717,80173,1,","
718,75978,1,","
719,70844,0,","
720,67528,0,","
721,65452,0,","
722,64569,0,","
723,64643,0,","
724,65768,0,","
725,69767,0,","
726,75779,1,","
727,80539,1,","
728,80809,1,","
729,80622,1,","
730,80317,1,","
731,80364,1,","
732,80883,1,","
733,81077,1,","
734,80589,1,","
735,80018,1,","
736,80055,1,","
737,80713,1,","
738,81330,1,","
739,81732,1,","
740,82411,1,","
741,80888,1,","
742,76319,1,","
743,71641,1,","
744,68547,0,","
745,66486,0,","
746,65413,0,","
747,65618,0,","
748,66666,0,","
749,70475,0,","
750,76767,1,","
751,81490,1,","
752,83337,1,","
753,84104,1,","
754,83716,1,","
755,83695,1,","
756,83067,1,","
757,82647,1,","
758,81563,1,","
759,80387,1,","
760,80636,1,","
761,81259,1,","
762,81533,1,","
763,82402,1,","
764,84113,1,","
765,82493,1,","
766,78136,1,","
767,73708,1,","
768,71241,0,","
769,69492,0,","
770,68740,0,","
771,68865,0,","
772,70486,0,","
773,74675,1,","
774,81302,1,","
775,85837,1,","
776,86783,1,","
777,85953,1,","
778,84795,1,","
779,83414,1,","
780,82885,1,","
781,81516,1,","
782,80801,1,","
783,79475,1,","
784,78906,1,","
785,79346,1,","
786,79363,1,","
787,80116,1,","
788,81451,1,","
789,80067,1,","
790,76900,1,","
791,73278,1,","
792,70033,0,","
793,68163,0,","
794,67305,0,","
795,67080,0,","
796,67966,0,","
797,69588,0,","
798,71942,1,","
799,74872,1,","
800,76868,1,","
801,76943,1,","
802,75616,1,","
803,74540,1,","
804,73287,1,","
805,72090,1,","
806,70858,0,","
807,70786,0,","
808,71478,1,","
809,72688,1,","
810,74045,1,","
811,75678,1,","
812,77342,1,","
813,75337,1,","
814,72868,1,","
815,70432,0,","
816,67190,0,","
817,65222,0,","
818,64767,0,","
819,64475,0,","
820,64968,0,","
821,66159,0,","
822,67981,0,","
823,69547,0,","
824,71260,0,","
825,72412,1,","
826,71559,1,","
827,69569,0,","
828,68678,0,","
829,68412,0,","
830,67904,0,","
831,68281,0,","
832,69519,0,","
833,71714,1,","
834,73187,1,","
835,75182,1,","
836,76901,1,","
837,75368,1,","
838,72189,1,","
839,68878,0,","
840,65928,0,","
841,64516,0,","
842,63850,0,","
843,64201,0,","
844,66078,0,","
845,70462,0,","
846,77085,1,","
847,81928,1,","
848,82937,1,","
849,82414,1,","
850,81811,1,","
851,81086,1,","
852,80247,1,","
853,80996,1,","
854,81288,1,","
855,80277,1,","
856,79900,1,","
857,80618,1,","
858,80736,1,","
859,81643,1,","
860,81839,1,","
861,79571,1,","
862,76124,1,","
863,71893,1,","
864,68318,0,","
865,66595,0,","
866,66302,0,","
867,66336,0,","
868,68017,0,","
869,71841,1,","
870,78372,1,","
871,82307,1,","
872,83748,1,","
873,83160,1,","
874,82075,1,","
875,81506,1,","
876,80594,1,","
877,79872,1,","
878,79080,1,","
879,78975,1,","
880,79442,1,","
881,80083,1,","
882,81925,1,","
883,83188,1,","
884,84008,1,","
885,81980,1,","
886,76989,1,","
887,72782,1,","
888,69820,0,","
889,67832,0,","
890,67258,0,","
891,67342,0,","
892,68890,0,","
893,72903,1,","
894,78901,1,","
895,83709,1,","
896,84894,1,","
897,84452,1,","
898,84616,1,","
899,84410,1,","
900,84399,1,","
901,83600,1,","
902,82982,1,","
903,82444,1,","
904,83783,1,","
905,83431,1,","
906,84433,1,","
907,86388,1,","
908,88321,1,","
909,86208,1,","
910,83050,1,","
911,79218,1,","
912,76936,1,","
913,75334,1,","
914,75166,1,","
915,75805,1,","
916,77862,1,","
917,82299,1,","
918,88920,1,","
919,93001,1,","
920,92703,1,","
921,90613,1,","
922,88499,1,","
923,86496,1,","
924,86073,1,","
925,85411,1,","
926,83568,1,","
927,83646,1,","
928,83811,1,","
929,84355,1,","
930,84961,1,","
931,86744,1,","
932,89239,1,","
933,87436,1,","
934,83414,1,","
935,79545,1,","
936,77015,1,","
937,75558,1,","
938,74905,1,","
939,75413,1,","
940,77129,1,","
941,80643,1,","
942,86575,1,","
943,90916,1,","
944,91036,1,","
945,88794,1,","
946,85718,1,","
947,82903,1,","
948,81384,1,","
949,80140,1,","
950,78624,1,","
951,77009,1,","
952,76761,1,","
953,76999,1,","
954,77980,1,","
955,79147,1,","
956,81054,1,","
957,79564,1,","
958,76057,1,","
959,72799,1,","
960,69089,0,","
961,68153,0,","
962,67032,0,","
963,67048,0,","
964,67696,0,","
965,69461,0,","
966,71926,1,","
967,74213,1,","
968,75634,1,","
969,75426,1,","
970,74330,1,","
971,73751,1,","
972,72979,1,","
973,71800,1,","
974,71484,1,","
975,71574,1,","
976,72446,1,","
977,73343,1,","
978,75221,1,","
979,76277,1,","
980,77661,1,","
981,76178,1,","
982,73176,1,","
983,69686,0,","
984,66213,0,","
985,64515,0,","
986,63326,0,","
987,62800,0,","
988,63041,0,","
989,64101,0,","
990,65945,0,","
991,67888,0,","
992,69571,0,","
993,71147,0,","
994,71703,1,","
995,72174,1,","
996,71977,1,","
997,71518,1,","
998,70585,0,","
999,70256,0,","
1000,71238,0,","
1001,72437,1,","
1002,73617,1,","
1003,75392,1,","
1004,77594,1,","
1005,76110,1,","
1006,72696,1,","
1007,69485,0,","
1008,66411,0,","
1009,65048,0,","
1010,65486,0,","
1011,65963,0,","
1012,68422,0,","
1013,73198,1,","
1014,80346,1,","
1015,84884,1,","
1016,85302,1,","
1017,84103,1,","
1018,82885,1,","
1019,81234,1,","
1020,80270,1,","
1021,79192,1,","
1022,78405,1,","
1023,77728,1,","
1024,78349,1,","
1025,79382,1,","
1026,79483,1,","
1027,81408,1,","
1028,83198,1,","
1029,80454,1,","
1030,75966,1,","
1031,71331,0,","
1032,68501,0,","
1033,66217,0,","
1034,64802,0,","
1035,64627,0,","
1036,65911,0,","
1037,69934,0,","
1038,76304,1,","
1039,80390,1,","
1040,81500,1,","
1041,81619,1,","
1042,81194,1,","
1043,81649,1,","
1044,81252,1,","
1045,82352,1,","
1046,82869,1,","
1047,83928,1,","
1048,85248,1,","
1049,86260,1,","
1050,88192,1,","
1051,90077,1,","
1052,89962,1,","
1053,86623,1,","
1054,80754,1,","
1055,74812,1,","
1056,71098,0,","
1057,67990,0,","
1058,65706,0,","
1059,64710,0,","
1060,65454,0,","
1061,69200,0,","
1062,73889,1,","
1063,79103,1,","
1064,81554,1,","
1065,83627,1,","
1066,85911,1,","
1067,86897,1,","
1068,89120,1,","
1069,90915,1,","
1070,92663,1,","
1071,93978,1,","
1072,95313,1,","
1073,95825,1,","
1074,95430,1,","
1075,94616,1,","
1076,93857,1,","
1077,90957,1,","
1078,84794,1,","
1079,78819,1,","
1080,73786,1,","
1081,70711,0,","
1082,68680,0,","
1083,67161,0,","
1084,67942,0,","
1085,71203,0,","
1086,77310,1,","
1087,82487,1,","
1088,84477,1,","
1089,86378,1,","
1090,88349,1,","
1091,90034,1,","
1092,91592,1,","
1093,92556,1,","
1094,93126,1,","
1095,93752,1,","
1096,93863,1,","
1097,92096,1,","
1098,90674,1,","
1099,92117,1,","
1100,90854,1,","
1101,88211,1,","
1102,83424,1,","
1103,77979,1,","
1104,70518,0,","
1105,68640,0,","
1106,66698,0,","
1107,66072,0,","
1108,66174,0,","
1109,69156,0,","
1110,74849,1,","
1111,79002,1,","
1112,80978,1,","
1113,80708,1,","
1114,81218,1,","
1115,80825,1,","
1116,80972,1,","
1117,81469,1,","
1118,81133,1,","
1119,80210,1,","
1120,80091,1,","
1121,79850,1,","
1122,79577,1,","
1123,79126,1,","
1124,79777,1,","
1125,77991,1,","
1126,74274,1,","
1127,70204,0,","
1128,66880,0,","
1129,64998,0,","
1130,64187,0,","
1131,63890,0,","
1132,64244,0,","
1133,65927,0,","
1134,68288,0,","
1135,70328,0,","
1136,72258,1,","
1137,72840,1,","
1138,72210,1,","
1139,70986,0,","
1140,70215,0,","
1141,69075,0,","
1142,67927,0,","
1143,67926,0,","
1144,68762,0,","
1145,70852,0,","
1146,72204,1,","
1147,74446,1,","
1148,75884,1,","
1149,74225,1,","
1150,71078,0,","
1151,67749,0,","
1152,64243,0,","
1153,62234,0,","
1154,60781,0,","
1155,60011,0,","
1156,59802,0,","
1157,60758,0,","
1158,61917,0,","
1159,63551,0,","
1160,65257,0,","
1161,67986,0,","
1162,70127,0,","
1163,71125,0,","
1164,72309,1,","
1165,73575,1,","
1166,74226,1,","
1167,75868,1,","
1168,79091,1,","
1169,81593,1,","
1170,83685,1,","
1171,85112,1,","
1172,84795,1,","
1173,82344,1,","
1174,77228,1,","
1175,72326,1,","
1176,68432,0,","
1177,65819,0,","
1178,64451,0,","
1179,63469,0,","
1180,64368,0,","
1181,67803,0,","
1182,73564,1,","
1183,78285,1,","
1184,80555,1,","
1185,81666,1,","
1186,83838,1,","
1187,85339,1,","
1188,86106,1,","
1189,86824,1,","
1190,87076,1,","
1191,88401,1,","
1192,89095,1,","
1193,88639,1,","
1194,88506,1,","
1195,88042,1,","
1196,87886,1,","
1197,84525,1,","
1198,78876,1,","
1199,73348,1,","
1200,70236,0,","
1201,67243,0,","
1202,65593,0,","
1203,65016,0,","
1204,65949,0,","
1205,69512,0,","
1206,76073,1,","
1207,80513,1,","
1208,83151,1,","
1209,83979,1,","
1210,85852,1,","
1211,88069,1,","
1212,90269,1,","
1213,91681,1,","
1214,92958,1,","
1215,94173,1,","
1216,94561,1,","
1217,94470,1,","
1218,93692,1,","
1219,93073,1,","
1220,90618,1,","
1221,87990,1,","
1222,82948,1,","
1223,76083,1,","
1224,71615,1,","
1225,68658,0,","
1226,66255,0,","
1227,65759,0,","
1228,66674,0,","
1229,70262,0,","
1230,76011,1,","
1231,80559,1,","
1232,82304,1,","
1233,83044,1,","
1234,83959,1,","
1235,85157,1,","
1236,85985,1,","
1237,86516,1,","
1238,86569,1,","
1239,86682,1,","
1240,86698,1,","
1241,86329,1,","
1242,86954,1,","
1243,86187,1,","
1244,86068,1,","
1245,83430,1,","
1246,78113,1,","
1247,72625,1,","
1248,68117,0,","
1249,65971,0,","
1250,65198,0,","
1251,65073,0,","
1252,66301,0,","
1253,70044,0,","
1254,76468,1,","
1255,80681,1,","
1256,81496,1,","
1257,81383,1,","
1258,80512,1,","
1259,79941,1,","
1260,79633,1,","
1261,78838,1,","
1262,78411,1,","
1263,78472,1,","
1264,78943,1,","
1265,79645,1,","
1266,80164,1,","
1267,80703,1,","
1268,81923,1,","
1269,80158,1,","
1270,75961,1,","
1271,71607,1,","
1272,67965,0,","
1273,66006,0,","
1274,64923,0,","
1275,64829,0,","
1276,65904,0,","
1277,69512,0,","
1278,75520,1,","
1279,79645,1,","
1280,81315,1,","
1281,81118,1,","
1282,81000,1,","
1283,80532,1,","
1284,79732,1,","
1285,79248,1,","
1286,78702,1,","
1287,77982,1,","
1288,78503,1,","
1289,78906,1,","
1290,79036,1,","
1291,78967,1,","
1292,80336,1,","
1293,78169,1,","
1294,74631,1,","
1295,70983,0,","
1296,68223,0,","
1297,66271,0,","
1298,65369,0,","
1299,65054,0,","
1300,65642,0,","
1301,67059,0,","
1302,69386,0,","
1303,71728,1,","
1304,73886,1,","
1305,74888,1,","
1306,75127,1,","
1307,74552,1,","
1308,73583,1,","
1309,72514,1,","
1310,71635,1,","
1311,71219,0,","
1312,71748,1,","
1313,72578,1,","
1314,73390,1,","
1315,74168,1,","
1316,75967,1,","
1317,75200,1,","
1318,72868,1,","
1319,69689,0,","
1320,66545,0,","
1321,64670,0,","
1322,63635,0,","
1323,63431,0,","
1324,63781,0,","
1325,64880,0,","
1326,66238,0,","
1327,67862,0,","
1328,69940,0,","
1329,71175,0,","
1330,72057,1,","
1331,72519,1,","
1332,73162,1,","
1333,72533,1,","
1334,72056,1,","
1335,72008,1,","
1336,72954,1,","
1337,74122,1,","
1338,75013,1,","
1339,76443,1,","
1340,78556,1,","
1341,77363,1,","
1342,73775,1,","
1343,69945,0,","
1344,66996,0,","
1345,65436,0,","
1346,64926,0,","
1347,65027,0,","
1348,66808,0,","
1349,70570,0,","
1350,76861,1,","
1351,81078,1,","
1352,82609,1,","
1353,83252,1,","
1354,83467,1,","
1355,82884,1,","
1356,82446,1,","
1357,81543,1,","
1358,80846,1,","
1359,79747,1,","
1360,79768,1,","
1361,80457,1,","
1362,80578,1,","
1363,81196,1,","
1364,82763,1,","
1365,81074,1,","
1366,76724,1,","
1367,72314,1,","
1368,68660,0,","
1369,66737,0,","
1370,65837,0,","
1371,65910,0,","
1372,67297,0,","
1373,70912,0,","
1374,76731,1,","
1375,80639,1,","
1376,81794,1,","
1377,81437,1,","
1378,81046,1,","
1379,80562,1,","
1380,80148,1,","
1381,79197,1,","
1382,78712,1,","
1383,78863,1,","
1384,80146,1,","
1385,80578,1,","
1386,81075,1,","
1387,80845,1,","
1388,82163,1,","
1389,81234,1,","
1390,77033,1,","
1391,72948,1,","
1392,68551,0,","
1393,67503,0,","
1394,66504,0,","
1395,66221,0,","
1396,67932,0,","
1397,71332,0,","
1398,76802,1,","
1399,80414,1,","
1400,81434,1,","
1401,80608,1,","
1402,80037,1,","
1403,79688,1,","
1404,79193,1,","
1405,79633,1,","
1406,78868,1,","
1407,78919,1,","
1408,78563,1,","
1409,79287,1,","
1410,79720,1,","
1411,80034,1,","
1412,81408,1,","
1413,79763,1,","
1414,75597,1,","
1415,71160,0,","
1416,67982,0,","
1417,66101,0,","
1418,65164,0,","
1419,65177,0,","
1420,66575,0,","
1421,70662,0,","
1422,76742,1,","
1423,81327,1,","
1424,82474,1,","
1425,81552,1,","
1426,79979,1,","
1427,79438,1,","
1428,79041,1,","
1429,78667,1,","
1430,79070,1,","
1431,78582,1,","
1432,78976,1,","
1433,80151,1,","
1434,80247,1,","
1435,80953,1,","
1436,82138,1,","
1437,80260,1,","
1438,75669,1,","
1439,70970,0,","
1440,68032,0,","
1441,65807,0,","
1442,64743,0,","
1443,64639,0,","
1444,65554,0,","
1445,69589,0,","
1446,76172,1,","
1447,79795,1,","
1448,80808,1,","
1449,81154,1,","
1450,80368,1,","
1451,79969,1,","
1452,80119,1,","
1453,79878,1,","
1454,79459,1,","
1455,79879,1,","
1456,79730,1,","
1457,79177,1,","
1458,78581,1,","
1459,78607,1,","
1460,79695,1,","
1461,78092,1,","
1462,74249,1,","
1463,69743,0,","
1464,65729,0,","
1465,63280,0,","
1466,61859,0,","
1467,61290,0,","
1468,61762,0,","
1469,63334,0,","
1470,65498,0,","
1471,67660,0,","
1472,69592,0,","
1473,71451,1,","
1474,72136,1,","
1475,71935,1,","
1476,72068,1,","
1477,71963,1,","
1478,71977,1,","
1479,73164,1,","
1480,73772,1,","
1481,74281,1,","
1482,74936,1,","
1483,75296,1,","
1484,77011,1,","
1485,76079,1,","
1486,71942,1,","
1487,69089,0,","
1488,63958,0,","
1489,61792,0,","
1490,60347,0,","
1491,59286,0,","
1492,59473,0,","
1493,60300,0,","
1494,60849,0,","
1495,63165,0,","
1496,65091,0,","
1497,67005,0,","
1498,68106,0,","
1499,69608,0,","
1500,70433,0,","
1501,70731,0,","
1502,71182,0,","
1503,71714,1,","
1504,72883,1,","
1505,75980,1,","
1506,76673,1,","
1507,76913,1,","
1508,77803,1,","
1509,75470,1,","
1510,71871,1,","
1511,67610,0,","
1512,64585,0,","
1513,62634,0,","
1514,61846,0,","
1515,61656,0,","
1516,62679,0,","
1517,66401,0,","
1518,71778,1,","
1519,76736,1,","
1520,78491,1,","
1521,79396,1,","
1522,80761,1,","
1523,82037,1,","
1524,82926,1,","
1525,83735,1,","
1526,84256,1,","
1527,84617,1,","
1528,85411,1,","
1529,85806,1,","
1530,85316,1,","
1531,85306,1,","
1532,85991,1,","
1533,83258,1,","
1534,77727,1,","
1535,72653,1,","
1536,68186,0,","
1537,65419,0,","
1538,63648,0,","
1539,63826,0,","
1540,64767,0,","
1541,68309,0,","
1542,74018,1,","
1543,78542,1,","
1544,79112,1,","
1545,81796,1,","
1546,83347,1,","
1547,83900,1,","
1548,85302,1,","
1549,87481,1,","
1550,89251,1,","
1551,90191,1,","
1552,91363,1,","
1553,92411,1,","
1554,91310,1,","
1555,91359,1,","
1556,91618,1,","
1557,88275,1,","
1558,82270,1,","
1559,77431,1,","
1560,71771,1,","
1561,68653,0,","
1562,66256,0,","
1563,65491,0,","
1564,65818,0,","
1565,68976,0,","
1566,74502,1,","
1567,78980,1,","
1568,81952,1,","
1569,84107,1,","
1570,86974,1,","
1571,89987,1,","
1572,92970,1,","
1573,95512,1,","
1574,98184,1,","
1575,100957,1,","
1576,102786,1,","
1577,103738,1,","
1578,103335,1,","
1579,102081,1,","
1580,100833,1,","
1581,96324,1,","
1582,89154,1,","
1583,83142,1,","
1584,75669,1,","
1585,71789,1,","
1586,69612,0,","
1587,68489,0,","
1588,68855,0,","
1589,71079,0,","
1590,76250,1,","
1591,81024,1,","
1592,83754,1,","
1593,87661,1,","
1594,91795,1,","
1595,95588,1,","
1596,99439,1,","
1597,103159,1,","
1598,106117,1,","
1599,108117,1,","
1600,109638,1,","
1601,110000,1,","
1602,108625,1,","
1603,105609,1,","
1604,102595,1,","
1605,97245,1,","
1606,89317,1,","
1607,83058,1,","
1608,76994,1,","
1609,72968,1,","
1610,70057,0,","
1611,68676,0,","
1612,67875,0,","
1613,70657,0,","
1614,75572,1,","
1615,80221,1,","
1616,83031,1,","
1617,86648,1,","
1618,90685,1,","
1619,94503,1,","
1620,98156,1,","
1621,101572,1,","
1622,104221,1,","
1623,107056,1,","
1624,109373,1,","
1625,109421,1,","
1626,107578,1,","
1627,104590,1,","
1628,101429,1,","
1629,96414,1,","
1630,90157,1,","
1631,82869,1,","
1632,76515,1,","
1633,72397,1,","
1634,69540,0,","
1635,68014,0,","
1636,67194,0,","
1637,67693,0,","
1638,68586,0,","
1639,71798,1,","
1640,76617,1,","
1641,81827,1,","
1642,87109,1,","
1643,91842,1,","
1644,95929,1,","
1645,100258,1,","
1646,104210,1,","
1647,107384,1,","
1648,109246,1,","
1649,110024,1,","
1650,107820,1,","
1651,105504,1,","
1652,101761,1,","
1653,98189,1,","
1654,92172,1,","
1655,85325,1,","
1656,79798,1,","
1657,75511,1,","
1658,72859,1,","
1659,70087,0,","
1660,68988,0,","
1661,68823,0,","
1662,69495,0,","
1663,71875,1,","
1664,75918,1,","
1665,81882,1,","
1666,89031,1,","
1667,95355,1,","
1668,101116,1,","
1669,105876,1,","
1670,109696,1,","
1671,112982,2,","
1672,115423,2,","
1673,115586,2,","
1674,114338,2,","
1675,111744,2,","
1676,108901,1,","
1677,105375,1,","
1678,98047,1,","
1679,90874,1,","
1680,82486,1,","
1681,78319,1,","
1682,75627,1,","
1683,74038,1,","
1684,74115,1,","
1685,76570,1,","
1686,81933,1,","
1687,85235,1,","
1688,88525,1,","
1689,91475,1,","
1690,94401,1,","
1691,96496,1,","
1692,99330,1,","
1693,101349,1,","
1694,102647,1,","
1695,103616,1,","
1696,103734,1,","
1697,103459,1,","
1698,102568,1,","
1699,101335,1,","
1700,99527,1,","
1701,95944,1,","
1702,90080,1,","
1703,83810,1,","
1704,77226,1,","
1705,72663,1,","
1706,70672,0,","
1707,69701,0,","
1708,70386,0,","
1709,73567,1,","
1710,79109,1,","
1711,82860,1,","
1712,86464,1,","
1713,89704,1,","
1714,93905,1,","
1715,97064,1,","
1716,99906,1,","
1717,103391,1,","
1718,105920,1,","
1719,108674,1,","
1720,109720,1,","
1721,110876,2,","
1722,109576,1,","
1723,109131,1,","
1724,106382,1,","
1725,101163,1,","
1726,93750,1,","
1727,86368,1,","
1728,80857,1,","
1729,76484,1,","
1730,74797,1,","
1731,73233,1,","
1732,73803,1,","
1733,76367,1,","
1734,81252,1,","
1735,86306,1,","
1736,91166,1,","
1737,96324,1,","
1738,99962,1,","
1739,104998,1,","
1740,109218,1,","
1741,113649,2,","
1742,115467,2,","
1743,117802,2,","
1744,118949,2,","
1745,120048,2,","
1746,116434,2,","
1747,112471,2,","
1748,108733,1,","
1749,102247,1,","
1750,94383,1,","
1751,86580,1,","
1752,79539,1,","
1753,75582,1,","
1754,75015,1,","
1755,72798,1,","
1756,73095,1,","
1757,75414,1,","
1758,80147,1,","
1759,84768,1,","
1760,87613,1,","
1761,90537,1,","
1762,94425,1,","
1763,96924,1,","
1764,99953,1,","
1765,102644,1,","
1766,104501,1,","
1767,105896,1,","
1768,107004,1,","
1769,107093,1,","
1770,106047,1,","
1771,103865,1,","
1772,100485,1,","
1773,95382,1,","
1774,89055,1,","
1775,82221,1,","
1776,76324,1,","
1777,72889,1,","
1778,70419,0,","
1779,68778,0,","
1780,68920,0,","
1781,71636,1,","
1782,76425,1,","
1783,80439,1,","
1784,82823,1,","
1785,84993,1,","
1786,87193,1,","
1787,88520,1,","
1788,89804,1,","
1789,91365,1,","
1790,91663,1,","
1791,91574,1,","
1792,90543,1,","
1793,89875,1,","
1794,87573,1,","
1795,86335,1,","
1796,84473,1,","
1797,82366,1,","
1798,78006,1,","
1799,73230,1,","
1800,68369,0,","
1801,65385,0,","
1802,64431,0,","
1803,62553,0,","
1804,62605,0,","
1805,63593,0,","
1806,64593,0,","
1807,67084,0,","
1808,70247,0,","
1809,72379,1,","
1810,74423,1,","
1811,74708,1,","
1812,75258,1,","
1813,75060,1,","
1814,74468,1,","
1815,73981,1,","
1816,74169,1,","
1817,74384,1,","
1818,74738,1,","
1819,74794,1,","
1820,74914,1,","
1821,74684,1,","
1822,72084,1,","
1823,67985,0,","
1824,63934,0,","
1825,61985,0,","
1826,61568,0,","
1827,61081,0,","
1828,61010,0,","
1829,61537,0,","
1830,62239,0,","
1831,63984,0,","
1832,67010,0,","
1833,69992,0,","
1834,71652,1,","
1835,72410,1,","
1836,72325,1,","
1837,72535,1,","
1838,71788,1,","
1839,71849,1,","
1840,72232,1,","
1841,73403,1,","
1842,73480,1,","
1843,74594,1,","
1844,75724,1,","
1845,75046,1,","
1846,72340,1,","
1847,68161,0,","
1848,64549,0,","
1849,62120,0,","
1850,60430,0,","
1851,59791,0,","
1852,59884,0,","
1853,60459,0,","
1854,61063,0,","
1855,63280,0,","
1856,65807,0,","
1857,67238,0,","
1858,68245,0,","
1859,69463,0,","
1860,70258,0,","
1861,70405,0,","
1862,70345,0,","
1863,71058,0,","
1864,72478,1,","
1865,74165,1,","
1866,75420,1,","
1867,75977,1,","
1868,77183,1,","
1869,76424,1,","
1870,72456,1,","
1871,67918,0,","
1872,65315,0,","
1873,62765,0,","
1874,60503,0,","
1875,59799,0,","
1876,61046,0,","
1877,64298,0,","
1878,69033,0,","
1879,73193,1,","
1880,76439,1,","
1881,78886,1,","
1882,80687,1,","
1883,82785,1,","
1884,85047,1,","
1885,87156,1,","
1886,88427,1,","
1887,89960,1,","
1888,91046,1,","
1889,91696,1,","
1890,91581,1,","
1891,89678,1,","
1892,89033,1,","
1893,87187,1,","
1894,81282,1,","
1895,74592,1,","
1896,69595,0,","
1897,66552,0,","
1898,65335,0,","
1899,64654,0,","
1900,65570,0,","
1901,68239,0,","
1902,72604,1,","
1903,77448,1,","
1904,80635,1,","
1905,82750,1,","
1906,84722,1,","
1907,87379,1,","
1908,89442,1,","
1909,91252,1,","
1910,92779,1,","
1911,93428,1,","
1912,95683,1,","
1913,95711,1,","
1914,94704,1,","
1915,92216,1,","
1916,90314,1,","
1917,87992,1,","
1918,82299,1,","
1919,76655,1,","
1920,71498,1,","
1921,68319,0,","
1922,67189,0,","
1923,66708,0,","
1924,67404,0,","
1925,70303,0,","
1926,75477,1,","
1927,80365,1,","
1928,84016,1,","
1929,86824,1,","
1930,90101,1,","
1931,91869,1,","
1932,93962,1,","
1933,96856,1,","
1934,98407,1,","
1935,100117,1,","
1936,101428,1,","
1937,101636,1,","
1938,100391,1,","
1939,97695,1,","
1940,95560,1,","
1941,93362,1,","
1942,87130,1,","
1943,80139,1,","
1944,76884,1,","
1945,72799,1,","
1946,70864,0,","
1947,69548,0,","
1948,70734,0,","
1949,73297,1,","
1950,77926,1,","
1951,83602,1,","
1952,87293,1,","
1953,91144,1,","
1954,94945,1,","
1955,98063,1,","
1956,101395,1,","
1957,104152,1,","
1958,106426,1,","
1959,108113,1,","
1960,110196,1,","
1961,110941,2,","
1962,108281,1,","
1963,105581,1,","
1964,102677,1,","
1965,99851,1,","
1966,93927,1,","
1967,86728,1,","
1968,80128,1,","
1969,75513,1,","
1970,72910,1,","
1971,70900,0,","
1972,69972,0,","
1973,70090,0,","
1974,71186,0,","
1975,73668,1,","
1976,78860,1,","
1977,85374,1,","
1978,92771,1,","
1979,99571,1,","
1980,104682,1,","
1981,111212,2,","
1982,114712,2,","
1983,117529,2,","
1984,120198,2,","
1985,121228,2,","
1986,118537,2,","
1987,114430,2,","
1988,112753,2,","
1989,107114,1,","
1990,100419,1,","
1991,93119,1,","
1992,86574,1,","
1993,80357,1,","
1994,77436,1,","
1995,74348,1,","
1996,72455,1,","
1997,72023,1,","
1998,72007,1,","
1999,74619,1,","
2000,80484,1,","
2001,88347,1,","
2002,96640,1,","
2003,104664,1,","
2004,112121,2,","
2005,117824,2,","
2006,121811,2,","
2007,123826,2,","
2008,125752,2,","
2009,126045,2,","
2010,123799,2,","
2011,120951,2,","
2012,118066,2,","
2013,113388,2,","
2014,105743,1,","
2015,98727,1,","
2016,89690,1,","
2017,86661,1,","
2018,83641,1,","
2019,82102,1,","
2020,81486,1,","
2021,84284,1,","
2022,88572,1,","
2023,94190,1,","
2024,100181,1,","
2025,107614,1,","
2026,114102,2,","
2027,120172,2,","
2028,125307,2,","
2029,129077,2,","
2030,131434,2,","
2031,132219,2,","
2032,132406,2,","
2033,131680,2,","
2034,128918,2,","
2035,125147,2,","
2036,122438,2,","
2037,116539,2,","
2038,107882,1,","
2039,101131,1,","
2040,91760,1,","
2041,86814,1,","
2042,85556,1,","
2043,83663,1,","
2044,83487,1,","
2045,86095,1,","
2046,91586,1,","
2047,96757,1,","
2048,102140,1,","
2049,107377,1,","
2050,112999,2,","
2051,117864,2,","
2052,122579,2,","
2053,126418,2,","
2054,129183,2,","
2055,130164,2,","
2056,129983,2,","
2057,128945,2,","
2058,126440,2,","
2059,122310,2,","
2060,119009,2,","
2061,113622,2,","
2062,105746,1,","
2063,97828,1,","
2064,90878,1,","
2065,86137,1,","
2066,82729,1,","
2067,80961,1,","
2068,80913,1,","
2069,83279,1,","
2070,87794,1,","
2071,92886,1,","
2072,97822,1,","
2073,102746,1,","
2074,111619,2,","
2075,116907,2,","
2076,121214,2,","
2077,124397,2,","
2078,126824,2,","
2079,128246,2,","
2080,128739,2,","
2081,127519,2,","
2082,124643,2,","
2083,120464,2,","
2084,116478,2,","
2085,111544,2,","
2086,103908,1,","
2087,95686,1,","
2088,88589,1,","
2089,83813,1,","
2090,80627,1,","
2091,78755,1,","
2092,78742,1,","
2093,81466,1,","
2094,87259,1,","
2095,92731,1,","
2096,97185,1,","
2097,101436,1,","
2098,107991,1,","
2099,112940,2,","
2100,118535,2,","
2101,121681,2,","
2102,123594,2,","
2103,124264,2,","
2104,124087,2,","
2105,123033,2,","
2106,121079,2,","
2107,117081,2,","
2108,113051,2,","
2109,108435,1,","
2110,101457,1,","
2111,93250,1,","
2112,86101,1,","
2113,81370,1,","
2114,78181,1,","
2115,76367,1,","
2116,76248,1,","
2117,78711,1,","
2118,83884,1,","
2119,88941,1,","
2120,93383,1,","
2121,97365,1,","
2122,101197,1,","
2123,104788,1,","
2124,107814,1,","
2125,110019,1,","
2126,111287,2,","
2127,111864,2,","
2128,111952,2,","
2129,111097,2,","
2130,107881,1,","
2131,105295,1,","
2132,102574,1,","
2133,99525,1,","
2134,93695,1,","
2135,87072,1,","
2136,78998,1,","
2137,74619,1,","
2138,71641,1,","
2139,69691,0,","
2140,68854,0,","
2141,69313,0,","
2142,70406,0,","
2143,73393,1,","
2144,78105,1,","
2145,83214,1,","
2146,88017,1,","
2147,92286,1,","
2148,95711,1,","
2149,98364,1,","
2150,100441,1,","
2151,102476,1,","
2152,104346,1,","
2153,105298,1,","
2154,104415,1,","
2155,101771,1,","
2156,98967,1,","
2157,96184,1,","
2158,90909,1,","
2159,84651,1,","
2160,77950,1,","
2161,73607,1,","
2162,70577,0,","
2163,68526,0,","
2164,67399,0,","
2165,67184,0,","
2166,67471,0,","
2167,69925,0,","
2168,74930,1,","
2169,80722,1,","
2170,86388,1,","
2171,91745,1,","
2172,96558,1,","
2173,100337,1,","
2174,103405,1,","
2175,106228,1,","
2176,108708,1,","
2177,110186,1,","
2178,109456,1,","
2179,107020,1,","
2180,104095,1,","
2181,100762,1,","
2182,94662,1,","
2183,87730,1,","
2184,79925,1,","
2185,75703,1,","
2186,72873,1,","
2187,71375,1,","
2188,71665,1,","
2189,74407,1,","
2190,79293,1,","
2191,85030,1,","
2192,90482,1,","
2193,95281,1,","
2194,100251,1,","
2195,104966,1,","
2196,109297,1,","
2197,113062,2,","
2198,115447,2,","
2199,117180,2,","
2200,118142,2,","
2201,118255,2,","
2202,116415,2,","
2203,112943,2,","
2204,109102,1,","
2205,104911,1,","
2206,97525,1,","
2207,89664,1,","
2208,80036,1,","
2209,75622,1,","
2210,72635,1,","
2211,71018,0,","
2212,71225,0,","
2213,73934,1,","
2214,78811,1,","
2215,84171,1,","
2216,88498,1,","
2217,92229,1,","
2218,95879,1,","
2219,99141,1,","
2220,101967,1,","
2221,104466,1,","
2222,106046,1,","
2223,107306,1,","
2224,108195,1,","
2225,108274,1,","
2226,106639,1,","
2227,103790,1,","
2228,100814,1,","
2229,97747,1,","
2230,91355,1,","
2231,84109,1,","
2232,75316,1,","
2233,71291,0,","
2234,68744,0,","
2235,67408,0,","
2236,67712,0,","
2237,70444,0,","
2238,75131,1,","
2239,80215,1,","
2240,84007,1,","
2241,87028,1,","
2242,89958,1,","
2243,92659,1,","
2244,95055,1,","
2245,97387,1,","
2246,99095,1,","
2247,100633,1,","
2248,101860,1,","
2249,102385,1,","
2250,101077,1,","
2251,98442,1,","
2252,95755,1,","
2253,93103,1,","
2254,87092,1,","
2255,80197,1,","
2256,73371,1,","
2257,69614,0,","
2258,67270,0,","
2259,66040,0,","
2260,66371,0,","
2261,68866,0,","
2262,73455,1,","
2263,77798,1,","
2264,81666,1,","
2265,84815,1,","
2266,88019,1,","
2267,91189,1,","
2268,93712,1,","
2269,96030,1,","
2270,98806,1,","
2271,101018,1,","
2272,104152,1,","
2273,106410,1,","
2274,108100,1,","
2275,106322,1,","
2276,102514,1,","
2277,99211,1,","
2278,92955,1,","
2279,85672,1,","
2280,78188,1,","
2281,73731,1,","
2282,71110,0,","
2283,69950,0,","
2284,70030,0,","
2285,71195,0,","
2286,75405,1,","
2287,81296,1,","
2288,86483,1,","
2289,89707,1,","
2290,95346,1,","
2291,99943,1,","
2292,105157,1,","
2293,107987,1,","
2294,109832,1,","
2295,112438,2,","
2296,115011,2,","
2297,116664,2,","
2298,115510,2,","
2299,111013,2,","
2300,107796,1,","
2301,104720,1,","
2302,97882,1,","
2303,90517,1,","
2304,85413,1,","
2305,80317,1,","
2306,76800,1,","
2307,74379,1,","
2308,73450,1,","
2309,73515,1,","
2310,74614,1,","
2311,78450,1,","
2312,84022,1,","
2313,90439,1,","
2314,95901,1,","
2315,101330,1,","
2316,103877,1,","
2317,107654,1,","
2318,110548,1,","
2319,111965,2,","
2320,113478,2,","
2321,113346,2,","
2322,111534,2,","
2323,108222,1,","
2324,105602,1,","
2325,102381,1,","
2326,96477,1,","
2327,90554,1,","
2328,84020,1,","
2329,79239,1,","
2330,75222,1,","
2331,73163,1,","
2332,71920,1,","
2333,70825,0,","
2334,71238,0,","
2335,74572,1,","
2336,79949,1,","
2337,86280,1,","
2338,94012,1,","
2339,101132,1,","
2340,107277,1,","
2341,111972,2,","
2342,115847,2,","
2343,118958,2,","
2344,120870,2,","
2345,122467,2,","
2346,121471,2,","
2347,117500,2,","
2348,114210,2,","
2349,109600,1,","
2350,102273,1,","
2351,95786,1,","
2352,89827,1,","
2353,85123,1,","
2354,83876,1,","
2355,81524,1,","
2356,81760,1,","
2357,83844,1,","
2358,88616,1,","
2359,95212,1,","
2360,101213,1,","
2361,106574,1,","
2362,112392,2,","
2363,118091,2,","
2364,122610,2,","
2365,124956,2,","
2366,127098,2,","
2367,127837,2,","
2368,127576,2,","
2369,126902,2,","
2370,124447,2,","
2371,120961,2,","
2372,116701,2,","
2373,111718,2,","
2374,104193,1,","
2375,96146,1,","
2376,81829,1,","
2377,77404,1,","
2378,74401,1,","
2379,72670,1,","
2380,72700,1,","
2381,75120,1,","
2382,79633,1,","
2383,84454,1,","
2384,89976,1,","
2385,92237,1,","
2386,93893,1,","
2387,95105,1,","
2388,95908,1,","
2389,96270,1,","
2390,96145,1,","
2391,95953,1,","
2392,95956,1,","
2393,95731,1,","
2394,94691,1,","
2395,92928,1,","
2396,90929,1,","
2397,88682,1,","
2398,83620,1,","
2399,77569,1,","
2400,71170,0,","
2401,67531,0,","
2402,65630,0,","
2403,64747,0,","
2404,65334,0,","
2405,68064,0,","
2406,72262,1,","
2407,77013,1,","
2408,80290,1,","
2409,82594,1,","
2410,84552,1,","
2411,86221,1,","
2412,88015,1,","
2413,89726,1,","
2414,91162,1,","
2415,92589,1,","
2416,94204,1,","
2417,95424,1,","
2418,95006,1,","
2419,93364,1,","
2420,91580,1,","
2421,89677,1,","
2422,84178,1,","
2423,77766,1,","
2424,72321,1,","
2425,68658,0,","
2426,66455,0,","
2427,65326,0,","
2428,65771,0,","
2429,68353,0,","
2430,72562,1,","
2431,77858,1,","
2432,82108,1,","
2433,85548,1,","
2434,88914,1,","
2435,92195,1,","
2436,95295,1,","
2437,98469,1,","
2438,100948,1,","
2439,103196,1,","
2440,105074,1,","
2441,106224,1,","
2442,105226,1,","
2443,102565,1,","
2444,99675,1,","
2445,97144,1,","
2446,91022,1,","
2447,83645,1,","
2448,79056,1,","
2449,74556,1,","
2450,71653,1,","
2451,70068,0,","
2452,70243,0,","
2453,72193,1,","
2454,76962,1,","
2455,82089,1,","
2456,86883,1,","
2457,91010,1,","
2458,94982,1,","
2459,98737,1,","
2460,101314,1,","
2461,104755,1,","
2462,107423,1,","
2463,109709,1,","
2464,111617,2,","
2465,112441,2,","
2466,109711,1,","
2467,106228,1,","
2468,102615,1,","
2469,100028,1,","
2470,94005,1,","
2471,87212,1,","
2472,83201,1,","
2473,78364,1,","
2474,75156,1,","
2475,72934,1,","
2476,71955,1,","
2477,72133,1,","
2478,75756,1,","
2479,79331,1,","
2480,85120,1,","
2481,91545,1,","
2482,97649,1,","
2483,103341,1,","
2484,107823,1,","
2485,111373,2,","
2486,114418,2,","
2487,116867,2,","
2488,118840,2,","
2489,119985,2,","
2490,117317,2,","
2491,113895,2,","
2492,110574,1,","
2493,107776,1,","
2494,102556,1,","
2495,95818,1,","
2496,88045,1,","
2497,83048,1,","
2498,79406,1,","
2499,76812,1,","
2500,75355,1,","
2501,74794,1,","
2502,76583,1,","
2503,78767,1,","
2504,84879,1,","
2505,92129,1,","
2506,101153,1,","
2507,107872,1,","
2508,114181,2,","
2509,118460,2,","
2510,121819,2,","
2511,124738,2,","
2512,126835,2,","
2513,128032,2,","
2514,127221,2,","
2515,123238,2,","
2516,118658,2,","
2517,114468,2,","
2518,107185,1,","
2519,98885,1,","
2520,92853,1,","
2521,87950,1,","
2522,84454,1,","
2523,82553,1,","
2524,82519,1,","
2525,84697,1,","
2526,89844,1,","
2527,96075,1,","
2528,103502,1,","
2529,110881,2,","
2530,118505,2,","
2531,125621,2,","
2532,133329,2,","
2533,137602,2,","
2534,140308,2,","
2535,142217,2,","
2536,143153,2,","
2537,142865,2,","
2538,140294,2,","
2539,135347,2,","
2540,130412,2,","
2541,124736,2,","
2542,116074,2,","
2543,106797,1,","
2544,98723,1,","
2545,93118,1,","
2546,88935,1,","
2547,86403,1,","
2548,85921,1,","
2549,88409,1,","
2550,95463,1,","
2551,101990,1,","
2552,109052,1,","
2553,116366,2,","
2554,123887,2,","
2555,131145,2,","
2556,138070,2,","
2557,142292,2,","
2558,145048,2,","
2559,146756,2,","
2560,147585,2,","
2561,147047,2,","
2562,144643,2,","
2563,139825,2,","
2564,134337,2,","
2565,128726,2,","
2566,119458,2,","
2567,109850,1,","
2568,102602,1,","
2569,96339,1,","
2570,92035,1,","
2571,89709,1,","
2572,89232,1,","
2573,91737,1,","
2574,96538,1,","
2575,102990,1,","
2576,110706,1,","
2577,116953,2,","
2578,124015,2,","
2579,130354,2,","
2580,136047,2,","
2581,139952,2,","
2582,142458,2,","
2583,143309,2,","
2584,143627,2,","
2585,142777,2,","
2586,140087,2,","
2587,135295,2,","
2588,130734,2,","
2589,125666,2,","
2590,117493,2,","
2591,107658,1,","
2592,99662,1,","
2593,94329,1,","
2594,90476,1,","
2595,88203,1,","
2596,86028,1,","
2597,88111,1,","
2598,92268,1,","
2599,97310,1,","
2600,101908,1,","
2601,106962,1,","
2602,110926,2,","
2603,115513,2,","
2604,118713,2,","
2605,120994,2,","
2606,119826,2,","
2607,119764,2,","
2608,117007,2,","
2609,114970,2,","
2610,113475,2,","
2611,110117,1,","
2612,106560,1,","
2613,102618,1,","
2614,96926,1,","
2615,90719,1,","
2616,83124,1,","
2617,78732,1,","
2618,77015,1,","
2619,75356,1,","
2620,75454,1,","
2621,77490,1,","
2622,81936,1,","
2623,86374,1,","
2624,90388,1,","
2625,92550,1,","
2626,94803,1,","
2627,96856,1,","
2628,98488,1,","
2629,100015,1,","
2630,101088,1,","
2631,102161,1,","
2632,102636,1,","
2633,102660,1,","
2634,101216,1,","
2635,98697,1,","
2636,95745,1,","
2637,92961,1,","
2638,88376,1,","
2639,82122,1,","
2640,75683,1,","
2641,71441,1,","
2642,68651,0,","
2643,66818,0,","
2644,66128,0,","
2645,66423,0,","
2646,67327,0,","
2647,70271,0,","
2648,74590,1,","
2649,78884,1,","
2650,82506,1,","
2651,85456,1,","
2652,87821,1,","
2653,89840,1,","
2654,91590,1,","
2655,93597,1,","
2656,95677,1,","
2657,97357,1,","
2658,97247,1,","
2659,95238,1,","
2660,92446,1,","
2661,90548,1,","
2662,86190,1,","
2663,80523,1,","
2664,75616,1,","
2665,71404,1,","
2666,68556,0,","
2667,66636,0,","
2668,65609,0,","
2669,65388,0,","
2670,65366,0,","
2671,67986,0,","
2672,73152,1,","
2673,79034,1,","
2674,84673,1,","
2675,90027,1,","
2676,94950,1,","
2677,98910,1,","
2678,102275,1,","
2679,105542,1,","
2680,108706,1,","
2681,111054,2,","
2682,111122,2,","
2683,108827,1,","
2684,105214,1,","
2685,102416,1,","
2686,96739,1,","
2687,89541,1,","
2688,83758,1,","
2689,78753,1,","
2690,75216,1,","
2691,72739,1,","
2692,71286,0,","
2693,70682,0,","
2694,70504,0,","
2695,73497,1,","
2696,79923,1,","
2697,87582,1,","
2698,95250,1,","
2699,102414,1,","
2700,108716,1,","
2701,113542,2,","
2702,117419,2,","
2703,120772,2,","
2704,123762,2,","
2705,125460,2,","
2706,124827,2,","
2707,121578,2,","
2708,117059,2,","
2709,113482,2,","
2710,106815,1,","
2711,98792,1,","
2712,94321,1,","
2713,88734,1,","
2714,84837,1,","
2715,82444,1,","
2716,82030,1,","
2717,84014,1,","
2718,88231,1,","
2719,94796,1,","
2720,102322,1,","
2721,110096,1,","
2722,118082,2,","
2723,125626,2,","
2724,132179,2,","
2725,137076,2,","
2726,140025,2,","
2727,142179,2,","
2728,143190,2,","
2729,143009,2,","
2730,140685,2,","
2731,135531,2,","
2732,129750,2,","
2733,124611,2,","
2734,116145,2,","
2735,106961,1,","
2736,98028,1,","
2737,92149,1,","
2738,88071,1,","
2739,85543,1,","
2740,87767,1,","
2741,89255,1,","
2742,93606,1,","
2743,99150,1,","
2744,106086,1,","
2745,114017,2,","
2746,121998,2,","
2747,129689,2,","
2748,135844,2,","
2749,140405,2,","
2750,142849,2,","
2751,143925,2,","
2752,144422,2,","
2753,143323,2,","
2754,140680,2,","
2755,135483,2,","
2756,129570,2,","
2757,124055,2,","
2758,115773,2,","
2759,106667,1,","
2760,98579,1,","
2761,92984,1,","
2762,89118,1,","
2763,86574,1,","
2764,85868,1,","
2765,87989,1,","
2766,91983,1,","
2767,97572,1,","
2768,102906,1,","
2769,107986,1,","
2770,111481,2,","
2771,116194,2,","
2772,120174,2,","
2773,123222,2,","
2774,124582,2,","
2775,124754,2,","
2776,124402,2,","
2777,123292,2,","
2778,120560,2,","
2779,116560,2,","
2780,112427,2,","
2781,108329,1,","
2782,101878,1,","
2783,94494,1,","
2784,87761,1,","
2785,83025,1,","
2786,79946,1,","
2787,78088,1,","
2788,78108,1,","
2789,80413,1,","
2790,84748,1,","
2791,90209,1,","
2792,95317,1,","
2793,99976,1,","
2794,104668,1,","
2795,108888,1,","
2796,112647,2,","
2797,115744,2,","
2798,117861,2,","
2799,119021,2,","
2800,119738,2,","
2801,119218,2,","
2802,116584,2,","
2803,112604,2,","
2804,108116,1,","
2805,104440,1,","
2806,98622,1,","
2807,91660,1,","
2808,83694,1,","
2809,78848,1,","
2810,75432,1,","
2811,73111,1,","
2812,71970,1,","
2813,71988,1,","
2814,72503,1,","
2815,75751,1,","
2816,80857,1,","
2817,86025,1,","
2818,90642,1,","
2819,94491,1,","
2820,97491,1,","
2821,99770,1,","
2822,101503,1,","
2823,103198,1,","
2824,104809,1,","
2825,105563,1,","
2826,104575,1,","
2827,101812,1,","
2828,98250,1,","
2829,95651,1,","
2830,90952,1,","
2831,85031,1,","
2832,80125,1,","
2833,75807,1,","
2834,72812,1,","
2835,70724,0,","
2836,69597,0,","
2837,69280,0,","
2838,69305,0,","
2839,72019,1,","
2840,77305,1,","
2841,83163,1,","
2842,88575,1,","
2843,93500,1,","
2844,97692,1,","
2845,100972,1,","
2846,103399,1,","
2847,105604,1,","
2848,107735,1,","
2849,109256,1,","
2850,108794,1,","
2851,106502,1,","
2852,103172,1,","
2853,100423,1,","
2854,95057,1,","
2855,88485,1,","
2856,84098,1,","
2857,79778,1,","
2858,77008,1,","
2859,75518,1,","
2860,75791,1,","
2861,78450,1,","
2862,82971,1,","
2863,89258,1,","
2864,95655,1,","
2865,101717,1,","
2866,107797,1,","
2867,113268,2,","
2868,118027,2,","
2869,121860,2,","
2870,124062,2,","
2871,125684,2,","
2872,126865,2,","
2873,127231,2,","
2874,125646,2,","
2875,122125,2,","
2876,117731,2,","
2877,113587,2,","
2878,106329,1,","
2879,98102,1,","
2880,91702,1,","
2881,86440,1,","
2882,82852,1,","
2883,80706,1,","
2884,80481,1,","
2885,82925,1,","
2886,87448,1,","
2887,93733,1,","
2888,100125,1,","
2889,106300,1,","
2890,112580,2,","
2891,118487,2,","
2892,123564,2,","
2893,127696,2,","
2894,130312,2,","
2895,129186,2,","
2896,131054,2,","
2897,130711,2,","
2898,128079,2,","
2899,124493,2,","
2900,120238,2,","
2901,115989,2,","
2902,109493,1,","
2903,101431,1,","
2904,93695,1,","
2905,88420,1,","
2906,85717,1,","
2907,84002,1,","
2908,83715,1,","
2909,86203,1,","
2910,90564,1,","
2911,95887,1,","
2912,101935,1,","
2913,107851,1,","
2914,114370,2,","
2915,120548,2,","
2916,126078,2,","
2917,130719,2,","
2918,133835,2,","
2919,136476,2,","
2920,136990,2,","
2921,136472,2,","
2922,133651,2,","
2923,128181,2,","
2924,123723,2,","
2925,117995,2,","
2926,110684,1,","
2927,102369,1,","
2928,94690,1,","
2929,89420,1,","
2930,86352,1,","
2931,84236,1,","
2932,83811,1,","
2933,85242,1,","
2934,89615,1,","
2935,95876,1,","
2936,102350,1,","
2937,108486,1,","
2938,114950,2,","
2939,121606,2,","
2940,127254,2,","
2941,132385,2,","
2942,135653,2,","
2943,137829,2,","
2944,139011,2,","
2945,138710,2,","
2946,136515,2,","
2947,131963,2,","
2948,127276,2,","
2949,121514,2,","
2950,113497,2,","
2951,105147,1,","
2952,97193,1,","
2953,91747,1,","
2954,89139,1,","
2955,86509,1,","
2956,86078,1,","
2957,87908,1,","
2958,91797,1,","
2959,97587,1,","
2960,104134,1,","
2961,110767,2,","
2962,117193,2,","
2963,123693,2,","
2964,128702,2,","
2965,132023,2,","
2966,134269,2,","
2967,136137,2,","
2968,136120,2,","
2969,134472,2,","
2970,130516,2,","
2971,125551,2,","
2972,120367,2,","
2973,116696,2,","
2974,110077,1,","
2975,102724,1,","
2976,96355,1,","
2977,90711,1,","
2978,86667,1,","
2979,84008,1,","
2980,82306,1,","
2981,82371,1,","
2982,82509,1,","
2983,85958,1,","
2984,92570,1,","
2985,100196,1,","
2986,107363,1,","
2987,112770,2,","
2988,118049,2,","
2989,121824,2,","
2990,124049,2,","
2991,125127,2,","
2992,123770,2,","
2993,121095,2,","
2994,118336,2,","
2995,114295,2,","
2996,111243,2,","
2997,108114,1,","
2998,100852,1,","
2999,93938,1,","
3000,87781,1,","
3001,82824,1,","
3002,78562,1,","
3003,76424,1,","
3004,74871,1,","
3005,74703,1,","
3006,74600,1,","
3007,77788,1,","
3008,83524,1,","
3009,89799,1,","
3010,94613,1,","
3011,99969,1,","
3012,104845,1,","
3013,107703,1,","
3014,110185,1,","
3015,111782,2,","
3016,113177,2,","
3017,113938,2,","
3018,112457,2,","
3019,109952,1,","
3020,106777,1,","
3021,103279,1,","
3022,96987,1,","
3023,90734,1,","
3024,83606,1,","
3025,79251,1,","
3026,76954,1,","
3027,75330,1,","
3028,75632,1,","
3029,78374,1,","
3030,82896,1,","
3031,88589,1,","
3032,94055,1,","
3033,99265,1,","
3034,104600,1,","
3035,109954,1,","
3036,115416,2,","
3037,119794,2,","
3038,122520,2,","
3039,124738,2,","
3040,126253,2,","
3041,128180,2,","
3042,127377,2,","
3043,123450,2,","
3044,118735,2,","
3045,113771,2,","
3046,106026,1,","
3047,97750,1,","
3048,89725,1,","
3049,84491,1,","
3050,80768,1,","
3051,78642,1,","
3052,78378,1,","
3053,80564,1,","
3054,85030,1,","
3055,90029,1,","
3056,95993,1,","
3057,101690,1,","
3058,108210,1,","
3059,114941,2,","
3060,120860,2,","
3061,125672,2,","
3062,130761,2,","
3063,133893,2,","
3064,135966,2,","
3065,136485,2,","
3066,134646,2,","
3067,129811,2,","
3068,123921,2,","
3069,118313,2,","
3070,110268,1,","
3071,101473,1,","
3072,93880,1,","
3073,88553,1,","
3074,84739,1,","
3075,82449,1,","
3076,82065,1,","
3077,84430,1,","
3078,88901,1,","
3079,92468,1,","
3080,97577,1,","
3081,103959,1,","
3082,109233,1,","
3083,113267,2,","
3084,117894,2,","
3085,120700,2,","
3086,122838,2,","
3087,123531,2,","
3088,123300,2,","
3089,121232,2,","
3090,118972,2,","
3091,116731,2,","
3092,111773,2,","
3093,106924,1,","
3094,100579,1,","
3095,93014,1,","
3096,84020,1,","
3097,79253,1,","
3098,76343,1,","
3099,74432,1,","
3100,74188,1,","
3101,75681,1,","
3102,80212,1,","
3103,85380,1,","
3104,89842,1,","
3105,93584,1,","
3106,97716,1,","
3107,101902,1,","
3108,105437,1,","
3109,109347,1,","
3110,112510,2,","
3111,116233,2,","
3112,118252,2,","
3113,118637,2,","
3114,116975,2,","
3115,114530,2,","
3116,109766,1,","
3117,105095,1,","
3118,98186,1,","
3119,90866,1,","
3120,83388,1,","
3121,78636,1,","
3122,76219,1,","
3123,74094,1,","
3124,73812,1,","
3125,75974,1,","
3126,79387,1,","
3127,84828,1,","
3128,90197,1,","
3129,94666,1,","
3130,99662,1,","
3131,103999,1,","
3132,108905,1,","
3133,113855,2,","
3134,117563,2,","
3135,120118,2,","
3136,121023,2,","
3137,121433,2,","
3138,119185,2,","
3139,115421,2,","
3140,110044,1,","
3141,106300,1,","
3142,99981,1,","
3143,92528,1,","
3144,85577,1,","
3145,80397,1,","
3146,76732,1,","
3147,74201,1,","
3148,73143,1,","
3149,72800,1,","
3150,73141,1,","
3151,77266,1,","
3152,82235,1,","
3153,88930,1,","
3154,95860,1,","
3155,101989,1,","
3156,107275,1,","
3157,111730,2,","
3158,116062,2,","
3159,118877,2,","
3160,120836,2,","
3161,121669,2,","
3162,119658,2,","
3163,115403,2,","
3164,109484,1,","
3165,106641,1,","
3166,100850,1,","
3167,95157,1,","
3168,87953,1,","
3169,82857,1,","
3170,80389,1,","
3171,78094,1,","
3172,76532,1,","
3173,75875,1,","
3174,75488,1,","
3175,77688,1,","
3176,84017,1,","
3177,91590,1,","
3178,99311,1,","
3179,105445,1,","
3180,111201,2,","
3181,116608,2,","
3182,120511,2,","
3183,124760,2,","
3184,127198,2,","
3185,127690,2,","
3186,127484,2,","
3187,124014,2,","
3188,120493,2,","
3189,117046,2,","
3190,111642,2,","
3191,103794,1,","
3192,92939,1,","
3193,87817,1,","
3194,86133,1,","
3195,83816,1,","
3196,83692,1,","
3197,86384,1,","
3198,90317,1,","
3199,95993,1,","
3200,102837,1,","
3201,109931,1,","
3202,117937,2,","
3203,125089,2,","
3204,131660,2,","
3205,136850,2,","
3206,139591,2,","
3207,140553,2,","
3208,141269,2,","
3209,141342,2,","
3210,138796,2,","
3211,134273,2,","
3212,129209,2,","
3213,123326,2,","
3214,113906,2,","
3215,104190,1,","
3216,96036,1,","
3217,90343,1,","
3218,85177,1,","
3219,82597,1,","
3220,81930,1,","
3221,83906,1,","
3222,87987,1,","
3223,94871,1,","
3224,101850,1,","
3225,106332,1,","
3226,114119,2,","
3227,121733,2,","
3228,128168,2,","
3229,134715,2,","
3230,140156,2,","
3231,141937,2,","
3232,140820,2,","
3233,141490,2,","
3234,139638,2,","
3235,135019,2,","
3236,130083,2,","
3237,123633,2,","
3238,116009,2,","
3239,107493,1,","
3240,97792,1,","
3241,91693,1,","
3242,86688,1,","
3243,84219,1,","
3244,83581,1,","
3245,85437,1,","
3246,89450,1,","
3247,95044,1,","
3248,100873,1,","
3249,107359,1,","
3250,114351,2,","
3251,121353,2,","
3252,127310,2,","
3253,131815,2,","
3254,136783,2,","
3255,138790,2,","
3256,138407,2,","
3257,137538,2,","
3258,135331,2,","
3259,130164,2,","
3260,125088,2,","
3261,120080,2,","
3262,111970,2,","
3263,103116,1,","
3264,95329,1,","
3265,90669,1,","
3266,87304,1,","
3267,84977,1,","
3268,84396,1,","
3269,86390,1,","
3270,89550,1,","
3271,94973,1,","
3272,101023,1,","
3273,106015,1,","
3274,111565,2,","
3275,115490,2,","
3276,121238,2,","
3277,124810,2,","
3278,127096,2,","
3279,128922,2,","
3280,129274,2,","
3281,130238,2,","
3282,128131,2,","
3283,123524,2,","
3284,118773,2,","
3285,115130,2,","
3286,107671,1,","
3287,100494,1,","
3288,92923,1,","
3289,88246,1,","
3290,85100,1,","
3291,83174,1,","
3292,83274,1,","
3293,85244,1,","
3294,89181,1,","
3295,93704,1,","
3296,98245,1,","
3297,103128,1,","
3298,107792,1,","
3299,112284,2,","
3300,116242,2,","
3301,119690,2,","
3302,121569,2,","
3303,121018,2,","
3304,120902,2,","
3305,120165,2,","
3306,118016,2,","
3307,113811,2,","
3308,109324,1,","
3309,104147,1,","
3310,97430,1,","
3311,90147,1,","
3312,82397,1,","
3313,77561,1,","
3314,74274,1,","
3315,72009,1,","
3316,70686,0,","
3317,70529,0,","
3318,71066,0,","
3319,73322,1,","
3320,77704,1,","
3321,82423,1,","
3322,86477,1,","
3323,89438,1,","
3324,92717,1,","
3325,94551,1,","
3326,97477,1,","
3327,99878,1,","
3328,103023,1,","
3329,104493,1,","
3330,103142,1,","
3331,100089,1,","
3332,95443,1,","
3333,93270,1,","
3334,89051,1,","
3335,83696,1,","
3336,76870,1,","
3337,72806,1,","
3338,71326,0,","
3339,70102,0,","
3340,69331,0,","
3341,69073,0,","
3342,69269,0,","
3343,71294,0,","
3344,75625,1,","
3345,80210,1,","
3346,84958,1,","
3347,88758,1,","
3348,92083,1,","
3349,94596,1,","
3350,95505,1,","
3351,97442,1,","
3352,98379,1,","
3353,99089,1,","
3354,98957,1,","
3355,98207,1,","
3356,94945,1,","
3357,92118,1,","
3358,87797,1,","
3359,80822,1,","
3360,76553,1,","
3361,72936,1,","
3362,70406,0,","
3363,69380,0,","
3364,69797,0,","
3365,72721,1,","
3366,76708,1,","
3367,81677,1,","
3368,85631,1,","
3369,88778,1,","
3370,92425,1,","
3371,96026,1,","
3372,99799,1,","
3373,103194,1,","
3374,105412,1,","
3375,107298,1,","
3376,108916,1,","
3377,109714,1,","
3378,108773,1,","
3379,105891,1,","
3380,102662,1,","
3381,99029,1,","
3382,92107,1,","
3383,84712,1,","
3384,77644,1,","
3385,73510,1,","
3386,71324,0,","
3387,69932,0,","
3388,70311,0,","
3389,72673,1,","
3390,76928,1,","
3391,81937,1,","
3392,86361,1,","
3393,89718,1,","
3394,92854,1,","
3395,96477,1,","
3396,99862,1,","
3397,103196,1,","
3398,105298,1,","
3399,107742,1,","
3400,109669,1,","
3401,110762,2,","
3402,109645,1,","
3403,106043,1,","
3404,102057,1,","
3405,98989,1,","
3406,92491,1,","
3407,85387,1,","
3408,79145,1,","
3409,74873,1,","
3410,72732,1,","
3411,71269,0,","
3412,71304,0,","
3413,73716,1,","
3414,77909,1,","
3415,82800,1,","
3416,87018,1,","
3417,90902,1,","
3418,94855,1,","
3419,98307,1,","
3420,101968,1,","
3421,105380,1,","
3422,108301,1,","
3423,110730,1,","
3424,112321,2,","
3425,113362,2,","
3426,112346,2,","
3427,108823,1,","
3428,104676,1,","
3429,101170,1,","
3430,94651,1,","
3431,87086,1,","
3432,80875,1,","
3433,76282,1,","
3434,73912,1,","
3435,72246,1,","
3436,72098,1,","
3437,74738,1,","
3438,78861,1,","
3439,83602,1,","
3440,88371,1,","
3441,92762,1,","
3442,97718,1,","
3443,102825,1,","
3444,107811,1,","
3445,112747,2,","
3446,116776,2,","
3447,120242,2,","
3448,122619,2,","
3449,123611,2,","
3450,121808,2,","
3451,118686,2,","
3452,113758,2,","
3453,109350,1,","
3454,102194,1,","
3455,93503,1,","
3456,86063,1,","
3457,80894,1,","
3458,77893,1,","
3459,75958,1,","
3460,75593,1,","
3461,77379,1,","
3462,80880,1,","
3463,85992,1,","
3464,92120,1,","
3465,97865,1,","
3466,104264,1,","
3467,110481,1,","
3468,116287,2,","
3469,121488,2,","
3470,126705,2,","
3471,130890,2,","
3472,132215,2,","
3473,132303,2,","
3474,128546,2,","
3475,122104,2,","
3476,116148,2,","
3477,111545,2,","
3478,104580,1,","
3479,96403,1,","
3480,89103,1,","
3481,83701,1,","
3482,79776,1,","
3483,77017,1,","
3484,75468,1,","
3485,75278,1,","
3486,75536,1,","
3487,78618,1,","
3488,84606,1,","
3489,91490,1,","
3490,97769,1,","
3491,103732,1,","
3492,108707,1,","
3493,111473,2,","
3494,113743,2,","
3495,114984,2,","
3496,115968,2,","
3497,114781,2,","
3498,112331,2,","
3499,108614,1,","
3500,104620,1,","
3501,101194,1,","
3502,96904,1,","
3503,90766,1,","
3504,84908,1,","
3505,81350,1,","
3506,76775,1,","
3507,74738,1,","
3508,73514,1,","
3509,72784,1,","
3510,72764,1,","
3511,74732,1,","
3512,80348,1,","
3513,87142,1,","
3514,93692,1,","
3515,100186,1,","
3516,106425,1,","
3517,111315,2,","
3518,114782,2,","
3519,117623,2,","
3520,121147,2,","
3521,122385,2,","
3522,121523,2,","
3523,118430,2,","
3524,114276,2,","
3525,109747,1,","
3526,103213,1,","
3527,96014,1,","
3528,88934,1,","
3529,84247,1,","
3530,80721,1,","
3531,78553,1,","
3532,78821,1,","
3533,81161,1,","
3534,85599,1,","
3535,91243,1,","
3536,98478,1,","
3537,105175,1,","
3538,111766,2,","
3539,118375,2,","
3540,123648,2,","
3541,129049,2,","
3542,132310,2,","
3543,134324,2,","
3544,134955,2,","
3545,133792,2,","
3546,131752,2,","
3547,127605,2,","
3548,122192,2,","
3549,116488,2,","
3550,108927,1,","
3551,100631,1,","
3552,97362,1,","
3553,90108,1,","
3554,85824,1,","
3555,84089,1,","
3556,83826,1,","
3557,86517,1,","
3558,91214,1,","
3559,96872,1,","
3560,103008,1,","
3561,110053,1,","
3562,116287,2,","
3563,122572,2,","
3564,128831,2,","
3565,134181,2,","
3566,138112,2,","
3567,140628,2,","
3568,141553,2,","
3569,141774,2,","
3570,139874,2,","
3571,134486,2,","
3572,129507,2,","
3573,122837,2,","
3574,113544,2,","
3575,103622,1,","
3576,101037,1,","
3577,93401,1,","
3578,87876,1,","
3579,85557,1,","
3580,85464,1,","
3581,88114,1,","
3582,93285,1,","
3583,98880,1,","
3584,104827,1,","
3585,112378,2,","
3586,119783,2,","
3587,127456,2,","
3588,133277,2,","
3589,138599,2,","
3590,142292,2,","
3591,145928,2,","
3592,144646,2,","
3593,145433,2,","
3594,139402,2,","
3595,136263,2,","
3596,130315,2,","
3597,125240,2,","
3598,114245,2,","
3599,105736,1,","
3600,101993,1,","
3601,96363,1,","
3602,89642,1,","
3603,87487,1,","
3604,87477,1,","
3605,90038,1,","
3606,94564,1,","
3607,100475,1,","
3608,106371,1,","
3609,114937,2,","
3610,121229,2,","
3611,128973,2,","
3612,136981,2,","
3613,142047,2,","
3614,147079,2,","
3615,149615,2,","
3616,151437,2,","
3617,149213,2,","
3618,146031,2,","
3619,140728,2,","
3620,135353,2,","
3621,129250,2,","
3622,120829,2,","
3623,110973,2,","
3624,102432,1,","
3625,96561,1,","
3626,93596,1,","
3627,91621,1,","
3628,90517,1,","
3629,92266,1,","
3630,96066,1,","
3631,101283,1,","
3632,107723,1,","
3633,114725,2,","
3634,120570,2,","
3635,128191,2,","
3636,134060,2,","
3637,139327,2,","
3638,142097,2,","
3639,142268,2,","
3640,142271,2,","
3641,141077,2,","
3642,135678,2,","
3643,131446,2,","
3644,126698,2,","
3645,119318,2,","
3646,111849,2,","
3647,103378,1,","
3648,97131,1,","
3649,91637,1,","
3650,86746,1,","
3651,84040,1,","
3652,82495,1,","
3653,82479,1,","
3654,83067,1,","
3655,86327,1,","
3656,92859,1,","
3657,99664,1,","
3658,105004,1,","
3659,110627,1,","
3660,115165,2,","
3661,119651,2,","
3662,121182,2,","
3663,120759,2,","
3664,122005,2,","
3665,124994,2,","
3666,123082,2,","
3667,117276,2,","
3668,112577,2,","
3669,107735,1,","
3670,101254,1,","
3671,94826,1,","
3672,85928,1,","
3673,81370,1,","
3674,78262,1,","
3675,75881,1,","
3676,74384,1,","
3677,74153,1,","
3678,74224,1,","
3679,75206,1,","
3680,79373,1,","
3681,83871,1,","
3682,88719,1,","
3683,92061,1,","
3684,96433,1,","
3685,98634,1,","
3686,102310,1,","
3687,104582,1,","
3688,106720,1,","
3689,108458,1,","
3690,108522,1,","
3691,104916,1,","
3692,101970,1,","
3693,98394,1,","
3694,94011,1,","
3695,88333,1,","
3696,83262,1,","
3697,79383,1,","
3698,76417,1,","
3699,75084,1,","
3700,76077,1,","
3701,78997,1,","
3702,83693,1,","
3703,89078,1,","
3704,94869,1,","
3705,99274,1,","
3706,103506,1,","
3707,107461,1,","
3708,111340,2,","
3709,114150,2,","
3710,116426,2,","
3711,118249,2,","
3712,117614,2,","
3713,117919,2,","
3714,116399,2,","
3715,113219,2,","
3716,109695,1,","
3717,105753,1,","
3718,99895,1,","
3719,92441,1,","
3720,88485,1,","
3721,84072,1,","
3722,81205,1,","
3723,79682,1,","
3724,79947,1,","
3725,82871,1,","
3726,87664,1,","
3727,92471,1,","
3728,97566,1,","
3729,101626,1,","
3730,105918,1,","
3731,110474,1,","
3732,115209,2,","
3733,120061,2,","
3734,122841,2,","
3735,124538,2,","
3736,125114,2,","
3737,125986,2,","
3738,123221,2,","
3739,119096,2,","
3740,115136,2,","
3741,110950,2,","
3742,103994,1,","
3743,98684,1,","
3744,90961,1,","
3745,86352,1,","
3746,85582,1,","
3747,84136,1,","
3748,84430,1,","
3749,87097,1,","
3750,91848,1,","
3751,96147,1,","
3752,102148,1,","
3753,106761,1,","
3754,111810,2,","
3755,116673,2,","
3756,122077,2,","
3757,125760,2,","
3758,128662,2,","
3759,130254,2,","
3760,132451,2,","
3761,131838,2,","
3762,130157,2,","
3763,126444,2,","
3764,122507,2,","
3765,117922,2,","
3766,109313,1,","
3767,101546,1,","
3768,97066,1,","
3769,91599,1,","
3770,88464,1,","
3771,86767,1,","
3772,86549,1,","
3773,89578,1,","
3774,93960,1,","
3775,98558,1,","
3776,103640,1,","
3777,108886,1,","
3778,114153,2,","
3779,119815,2,","
3780,126823,2,","
3781,130943,2,","
3782,133525,2,","
3783,135068,2,","
3784,135947,2,","
3785,135792,2,","
3786,132827,2,","
3787,128147,2,","
3788,124207,2,","
3789,118896,2,","
3790,111189,2,","
3791,102954,1,","
3792,95313,1,","
3793,90248,1,","
3794,86823,1,","
3795,84846,1,","
3796,84133,1,","
3797,85952,1,","
3798,90828,1,","
3799,95425,1,","
3800,100398,1,","
3801,104911,1,","
3802,109458,1,","
3803,113814,2,","
3804,117594,2,","
3805,120902,2,","
3806,123545,2,","
3807,126392,2,","
3808,127590,2,","
3809,126854,2,","
3810,125174,2,","
3811,120603,2,","
3812,115504,2,","
3813,110927,2,","
3814,105046,1,","
3815,97048,1,","
3816,88663,1,","
3817,83764,1,","
3818,80985,1,","
3819,78918,1,","
3820,77914,1,","
3821,77960,1,","
3822,79235,1,","
3823,81613,1,","
3824,87177,1,","
3825,93581,1,","
3826,100793,1,","
3827,107459,1,","
3828,114004,2,","
3829,118336,2,","
3830,121281,2,","
3831,123323,2,","
3832,124208,2,","
3833,123835,2,","
3834,120725,2,","
3835,116321,2,","
3836,112874,2,","
3837,108861,1,","
3838,102551,1,","
3839,95692,1,","
3840,90076,1,","
3841,85184,1,","
3842,81870,1,","
3843,79255,1,","
3844,77450,1,","
3845,76732,1,","
3846,77212,1,","
3847,79023,1,","
3848,84191,1,","
3849,90842,1,","
3850,97869,1,","
3851,104826,1,","
3852,110044,1,","
3853,114431,2,","
3854,117399,2,","
3855,119580,2,","
3856,120493,2,","
3857,120170,2,","
3858,118326,2,","
3859,114696,2,","
3860,111797,2,","
3861,108298,1,","
3862,102339,1,","
3863,95328,1,","
3864,88166,1,","
3865,83447,1,","
3866,81237,1,","
3867,79836,1,","
3868,80116,1,","
3869,82941,1,","
3870,88050,1,","
3871,93513,1,","
3872,99879,1,","
3873,107048,1,","
3874,113667,2,","
3875,120312,2,","
3876,126528,2,","
3877,131793,2,","
3878,135489,2,","
3879,137960,2,","
3880,139505,2,","
3881,140118,2,","
3882,138460,2,","
3883,133761,2,","
3884,131573,2,","
3885,123857,2,","
3886,114923,2,","
3887,106090,1,","
3888,97029,1,","
3889,91740,1,","
3890,88830,1,","
3891,86446,1,","
3892,85834,1,","
3893,88495,1,","
3894,93185,1,","
3895,98318,1,","
3896,104693,1,","
3897,111776,2,","
3898,119640,2,","
3899,127774,2,","
3900,134692,2,","
3901,140402,2,","
3902,144524,2,","
3903,147564,2,","
3904,149625,2,","
3905,149469,2,","
3906,146756,2,","
3907,141252,2,","
3908,136369,2,","
3909,129514,2,","
3910,120171,2,","
3911,109832,1,","
3912,100623,1,","
3913,94977,1,","
3914,90896,1,","
3915,88114,1,","
3916,87605,1,","
3917,89392,1,","
3918,93167,1,","
3919,99657,1,","
3920,105899,1,","
3921,113579,2,","
3922,121918,2,","
3923,129566,2,","
3924,136636,2,","
3925,142173,2,","
3926,144734,2,","
3927,146283,2,","
3928,145994,2,","
3929,144700,2,","
3930,141669,2,","
3931,136773,2,","
3932,132825,2,","
3933,126157,2,","
3934,117376,2,","
3935,107430,1,","
3936,100908,1,","
3937,95240,1,","
3938,89772,1,","
3939,87206,1,","
3940,86527,1,","
3941,89432,1,","
3942,93879,1,","
3943,98786,1,","
3944,105248,1,","
3945,112366,2,","
3946,120336,2,","
3947,128533,2,","
3948,135198,2,","
3949,140743,2,","
3950,146930,2,","
3951,148660,2,","
3952,148426,2,","
3953,147461,2,","
3954,141324,2,","
3955,137030,2,","
3956,131233,2,","
3957,125131,2,","
3958,118037,2,","
3959,108289,1,","
3960,101128,1,","
3961,95406,1,","
3962,91923,1,","
3963,89203,1,","
3964,88669,1,","
3965,90708,1,","
3966,94779,1,","
3967,100121,1,","
3968,106649,1,","
3969,113796,2,","
3970,121268,2,","
3971,129763,2,","
3972,136147,2,","
3973,142124,2,","
3974,145457,2,","
3975,148047,2,","
3976,145819,2,","
3977,143194,2,","
3978,139479,2,","
3979,133390,2,","
3980,129004,2,","
3981,122042,2,","
3982,114426,2,","
3983,106024,1,","
3984,98580,1,","
3985,92904,1,","
3986,91023,1,","
3987,88194,1,","
3988,86380,1,","
3989,86389,1,","
3990,87211,1,","
3991,89406,1,","
3992,95565,1,","
3993,103032,1,","
3994,110829,2,","
3995,117787,2,","
3996,122018,2,","
3997,126063,2,","
3998,127864,2,","
3999,129181,2,","
4000,129477,2,","
4001,128271,2,","
4002,127129,2,","
4003,122727,2,","
4004,118567,2,","
4005,113779,2,","
4006,107153,1,","
4007,99950,1,","
4008,94228,1,","
4009,89111,1,","
4010,85664,1,","
4011,82719,1,","
4012,80921,1,","
4013,80393,1,","
4014,80475,1,","
4015,82342,1,","
4016,88356,1,","
4017,95472,1,","
4018,102806,1,","
4019,107979,1,","
4020,112913,2,","
4021,116265,2,","
4022,119923,2,","
4023,122038,2,","
4024,122516,2,","
4025,122669,2,","
4026,121173,2,","
4027,117971,2,","
4028,115608,2,","
4029,111527,2,","
4030,105469,1,","
4031,98113,1,","
4032,91268,1,","
4033,86845,1,","
4034,84009,1,","
4035,82500,1,","
4036,82605,1,","
4037,85682,1,","
4038,91423,1,","
4039,96352,1,","
4040,102850,1,","
4041,108201,1,","
4042,114992,2,","
4043,120532,2,","
4044,126196,2,","
4045,130018,2,","
4046,133141,2,","
4047,135209,2,","
4048,135932,2,","
4049,135440,2,","
4050,132257,2,","
4051,128306,2,","
4052,123904,2,","
4053,117848,2,","
4054,109356,1,","
4055,100964,1,","
4056,93211,1,","
4057,88285,1,","
4058,84184,1,","
4059,82094,1,","
4060,82152,1,","
4061,84985,1,","
4062,90330,1,","
4063,94912,1,","
4064,99650,1,","
4065,104672,1,","
4066,109944,1,","
4067,114966,2,","
4068,119401,2,","
4069,122898,2,","
4070,124673,2,","
4071,125276,2,","
4072,125243,2,","
4073,124603,2,","
4074,121962,2,","
4075,117872,2,","
4076,114634,2,","
4077,109713,1,","
4078,102196,1,","
4079,94582,1,","
4080,86577,1,","
4081,82080,1,","
4082,79035,1,","
4083,77379,1,","
4084,77461,1,","
4085,80385,1,","
4086,85620,1,","
4087,89783,1,","
4088,93256,1,","
4089,96601,1,","
4090,99960,1,","
4091,102997,1,","
4092,105698,1,","
4093,107967,1,","
4094,109294,1,","
4095,109921,1,","
4096,110456,1,","
4097,110328,1,","
4098,108558,1,","
4099,105581,1,","
4100,103245,1,","
4101,99430,1,","
4102,92969,1,","
4103,86107,1,","
