dap,target
25.396028,18.22055
29.146035,18.150497
30.303158,17.650599
31.039465,17.129129
34.175313,16.9967
47.338929,17.569721
69.517157,30.723276
78.585374,42.987914
44.161676,26.692221
33.884602,24.06303
33.051763,23.554694
28.039902,23.735153
26.442201,23.200454
25.133033,22.522769
24.206087,21.228278
23.50383,22.1948
24.40195,42.95782
27.690281,27.583413
34.894671,31.69909
49.604676,30.290526
45.830417,31.836412
38.515614,30.265174
33.206899,26.041388
27.847963,24.423812
26.810944,24.192243
24.720858,26.145299
25.747283,22.784562
26.77807,25.337027
29.446925,22.815791
35.001066,19.779309
54.525098,24.902511
58.065887,30.805917
49.422952,43.333562
42.061591,44.757799
38.424156,28.523212
35.10134,49.769661
31.826606,25.50685
30.076477,29.089903
29.241246,25.558977
27.795238,24.027561
28.598321,24.655249
31.379254,24.665333
36.320331,23.794169
47.490964,29.555749
41.333421,25.301807
34.99779,23.198419
28.759214,24.436558
23.398448,20.460381
21.023575,17.995929
20.734387,18.53924
19.854295,18.049904
19.975892,17.839098
21.341424,19.997267
25.479204,20.731836
35.726937,23.127202
40.757628,23.761686
33.974028,42.246949
32.309309,26.875024
28.634558,343.699154
26.963131,26.62766
24.518348,67.464693
23.435607,21.063121
22.517945,21.955055
21.924216,23.24869
21.973045,22.279802
22.163444,19.102205
24.215191,21.059624
29.138988,21.946469
28.860642,23.964565
23.324356,19.929691
19.440342,17.871494
17.489507,16.60687
17.560828,16.612268
17.053983,16.600573
16.422553,16.429819
16.288452,15.723498
16.956925,15.826391
18.517334,16.777201
25.758949,20.147086
28.262557,21.721538
27.569066,22.5412
28.182392,28.135985
28.345874,39.142229
27.502709,25.782378
25.354212,27.015739
24.682105,28.673647
22.805171,23.10829
22.45376,22.105723
22.584855,23.368057
22.660969,24.402256
24.43223,21.536027
28.483739,22.149852
27.064146,23.975879
23.040094,22.734276
20.16954,21.671202
18.136411,18.148978
19.989166,18.970845
19.361229,21.375557
18.831775,18.634336
19.015614,19.189205
19.889546,21.225982
23.661519,22.279204
33.817275,39.89855
38.135355,45.524195
36.759176,133.68408
34.861188,55.842867
35.899999,28.505274
33.78113,54.333612
30.977904,25.888838
26.559857,24.756831
25.634813,25.592143
24.855768,20.635155
24.872876,18.946603
25.986293,19.977789
31.117789,21.251364
42.821422,83.366097
39.176342,79.015679
35.648207,106.28501
29.943727,27.740925
26.277177,24.093438
31.219634,62.685169
28.323043,25.049739
27.086729,26.785451
27.615412,33.10005
29.69209,24.758653
34.077885,25.840625
42.107424,22.940208
46.441519,35.700018
42.343348,30.743223
38.231638,23.114477
31.3178,23.018333
24.790322,21.357267
22.589464,19.871694
21.155804,19.243803
20.654332,17.215319
19.863251,18.112894
20.322627,18.827201
20.859485,19.29516
23.668489,23.830357
32.454804,34.912652
32.018848,32.323199
29.057243,34.830501
24.5315,28.938318
21.457438,24.57578
23.940815,32.346354
23.450963,32.047912
23.44103,27.465095
25.585723,32.871428
26.542405,32.797135
28.864705,50.789381
32.127932,27.117973
34.391801,28.608576
32.384097,20.090004
24.982118,20.461001
21.957114,18.720169
20.503621,18.978785
20.264182,16.336744
18.63304,15.596677
17.93655,15.477982
17.783214,15.681141
18.386068,15.849785
18.712068,17.585467
22.528961,18.62759
32.130151,24.754329
32.061417,25.014132
25.511413,20.499138
21.035643,17.619529
19.204912,15.515384
25.270119,16.629552
22.900416,17.295379
23.422349,16.169156
24.773537,17.727956
22.616249,21.889667
30.986217,18.869062
45.563027,25.713424
53.094357,36.126922
37.619658,21.777241
33.157991,21.35019
30.452939,26.187853
26.800616,22.912448
24.396895,26.27708
23.27957,22.958681
21.627965,69.922986
21.129339,23.247028
21.887696,21.353198
22.735978,21.519079
26.479736,21.803962
37.13575,542.906344
34.108486,21.771928
28.32728,20.776338
23.645781,20.376403
21.371959,17.094644
21.649117,18.018576
20.939225,18.303486
20.024613,17.571832
19.988295,18.626418
21.878113,19.679917
25.309106,20.483282
33.936478,30.593975
40.038923,22.532224
32.895668,22.564676
29.322785,25.727057
27.607345,26.875107
26.071216,20.133531
24.15749,19.941937
23.396988,19.345625
22.232304,19.777973
21.705575,19.63163
21.938679,19.894806
22.372559,21.088193
24.102955,21.130734
32.630112,26.022728
32.579567,26.690474
23.746761,21.510778
20.730394,23.819058
18.559697,16.002346
17.576664,15.839518
16.450546,15.481061
16.214566,15.762866
16.006529,15.850077
17.149045,18.075456
21.093249,18.751057
32.050448,22.382748
33.234061,24.601757
31.072024,20.070733
31.065516,19.244277
31.003879,20.051984
29.65568,23.401549
28.28912,28.437645
26.5238,24.116145
25.6728,21.461655
24.766098,23.46338
24.541362,29.201232
25.490888,21.197844
27.763473,23.242479
34.488178,25.04634
32.465294,24.724044
26.179211,21.7472
22.611,22.237412
19.960189,18.279266
18.40539,17.705145
18.466867,18.967126
17.995946,16.27789
17.593509,19.140551
18.676087,19.163925
21.828042,19.984143
34.081419,25.79789
36.270397,27.562771
29.493499,20.405457
30.334601,26.023933
28.773967,24.162286
28.27307,28.254331
27.435332,29.153017
26.446866,33.598948
25.835992,34.105547
24.24556,22.547236
23.794994,21.163675
24.478414,20.943728
29.053711,19.028977
33.663272,22.769034
33.60206,22.726753
27.294068,19.569397
20.730631,18.714803
19.167123,18.776001
16.769657,15.279775
16.081554,17.796215
15.716026,15.43793
15.593199,15.425623
16.168568,16.469494
20.300958,19.031741
29.14735,20.227029
33.987646,30.231093
27.488464,21.067295
28.001827,23.994311
28.996409,58.10393
28.858808,114.784164
27.579385,20.516138
27.499388,32.319471
26.958816,23.650943
25.856895,27.910035
26.422502,27.646085
26.700572,22.407796
32.462038,27.044008
37.313238,22.416134
36.556744,134.808369
26.347573,34.113205
22.189186,47.717388
20.067536,22.19173
19.600257,18.249968
19.216939,25.075478
18.901011,18.651617
18.656098,21.150282
18.707065,19.911163
19.43892,20.145308
22.253061,28.200979
24.739131,19.573009
23.227803,19.407415
23.556999,19.060756
23.142102,17.275394
21.991094,18.735964
21.224204,18.362983
20.454711,18.365658
20.04549,17.094016
20.259277,19.643774
21.227323,54.57515
22.13112,34.68583
24.77795,18.489388
33.176138,21.576973
30.298897,55.203784
23.784443,22.224149
20.341416,23.951468
18.663032,28.409673
18.406838,18.018312
18.445622,15.178333
17.622892,13.41886
17.073225,15.066722
17.257241,14.02203
17.304662,13.979993
19.787474,13.457102
21.296045,12.416193
22.198238,13.728153
22.548918,30.260556
24.672056,18.309799
24.2313,20.458083
22.439781,18.500401
21.489832,18.767741
21.38603,19.207595
21.247967,18.021803
22.059668,18.53024
23.175633,21.440449
26.624844,19.392412
36.142378,19.548733
38.95085,42.300958
31.465901,23.560819
24.762316,20.550747
21.915283,20.106411
19.370143,20.023411
19.29217,17.764286
18.967161,18.404378
19.290998,18.90346
19.887569,18.250876
25.231877,18.453186
41.865238,26.886725
48.361923,27.257241
35.388114,19.951817
32.605378,23.758001
31.115446,20.61698
26.714632,17.331394
23.923157,17.49263
22.015009,17.145431
21.637672,15.906657
20.721957,15.316115
21.002055,14.584847
22.02536,14.977527
27.725217,16.109363
41.262221,24.582122
36.926673,21.619568
29.129511,18.567416
21.883811,15.96611
19.542122,15.545207
18.577292,14.874013
17.575404,15.734877
17.108266,15.205934
17.392157,15.913937
18.658368,15.639794
24.541652,16.936069
37.787262,31.004058
41.163322,27.562702
28.663935,17.385531
23.830027,17.701353
22.704234,16.894604
22.654259,15.822917
21.390568,17.278491
20.80019,17.373009
20.700483,15.85789
20.314067,15.446032
20.484801,16.652981
21.687987,18.145883
24.094944,18.279876
34.087064,19.636987
33.511965,20.908475
24.365778,18.60368
20.884908,16.497544
18.876709,14.567222
15.831686,14.1267
15.697121,13.524285
15.440769,12.878075
15.406756,11.87684
16.241852,13.393653
19.067494,18.555052
25.467925,16.226255
27.504897,19.387146
26.588918,20.006395
27.224841,18.486159
27.531972,19.440469
26.743239,18.01759
24.741491,19.576515
24.51456,20.216699
22.739219,19.115917
21.867883,18.318588
22.611704,19.552364
22.795341,20.942144
24.502433,19.763823
29.559321,18.553515
28.605441,20.180843
24.046299,18.931696
20.301477,19.618078
18.274333,17.133717
18.237383,16.098043
17.96083,16.54051
16.948939,15.98449
17.786364,16.279652
18.837155,18.523004
20.608706,20.970568
30.568393,20.945015
35.980349,26.688807
33.396799,23.656911
30.513149,21.225925
30.004678,22.901732
28.491592,22.477598
26.416992,21.717305
24.714927,22.415507
23.376925,21.854732
22.997588,22.50423
23.124119,25.150596
24.307441,22.703768
25.645102,21.497215
32.066456,35.335376
40.024908,60.951715
31.211977,29.991238
25.763688,23.755448
23.405883,23.227653
23.154634,18.965493
22.585769,20.99213
22.605871,20.301952
23.010483,26.933011
23.857813,20.583751
28.511801,22.761424
39.329039,24.164371
58.048813,26.520757
43.288811,22.604207
34.826912,24.075066
29.743946,22.082283
27.110239,19.445173
25.006243,19.551297
23.195385,18.679841
21.76354,17.740617
21.421963,16.155353
21.510447,16.050939
21.828577,16.306639
23.800658,16.653453
28.470732,18.934523
29.652589,25.352771
24.999239,19.164164
23.595553,25.666278
20.775224,19.135596
22.747036,20.812823
22.688559,24.766745
21.331603,20.178221
22.454772,26.773651
22.436523,24.633027
23.699019,20.689425
25.343376,24.155717
31.44115,21.23221
27.13058,18.888996
25.376089,19.355812
22.734333,20.036127
21.541549,18.224003
20.63588,17.916206
19.309721,16.421702
18.027937,15.756941
17.481178,15.368855
18.439118,15.427183
19.214908,15.994326
20.059,18.588905
24.742713,34.574496
27.563332,21.636147
23.778435,22.33354
21.653177,20.041237
20.757319,18.898092
20.270829,16.165191
19.964459,17.095888
18.683775,16.860023
18.353429,16.685605
19.004219,18.500866
20.292213,19.781306
21.346318,21.286653
23.000156,23.386098
22.851889,21.123787
22.581892,19.940085
21.547634,18.766668
19.860323,18.655814
18.623146,17.998815
17.856869,16.794496
17.507625,16.169969
17.10108,15.347537
17.498152,15.732929
17.633661,17.371319
18.967529,19.392169
21.82804,19.319169
24.947032,22.321658
21.018138,19.310275
18.695616,18.188291
17.11594,16.624559
16.764059,15.877144
16.834515,15.316246
16.107895,15.510768
16.458634,16.698529
16.914606,18.097434
20.258886,27.613375
25.654671,23.655032
29.61889,21.910718
28.631372,20.681706
28.753099,25.564757
29.12828,63.347869
29.203314,24.001154
26.648896,21.043137
24.190665,21.497347
24.297995,21.147238
23.391367,21.78697
23.747324,22.182579
24.581694,26.374649
26.035598,24.556672
30.410297,24.117545
33.61308,29.042698
25.572356,25.347189
21.255545,18.413042
18.734532,17.498192
16.773474,16.630952
16.226093,16.519232
15.707813,16.457885
15.457517,16.266554
16.228531,16.846607
18.280436,17.833717
23.178187,18.713422
25.549849,21.137298
25.211642,19.075743
25.568423,21.788266
25.673965,22.400805
25.782064,53.757634
26.645378,85.709749
26.219295,42.422702
25.974683,46.786031
26.219631,58.297131
29.387664,67.457064
30.352641,22.455257
29.930744,22.723129
35.859752,51.963738
39.212762,29.440996
27.640563,23.542009
21.286271,20.39127
18.282178,18.219944
16.27004,16.562794
15.67555,16.404495
14.767456,15.966709
14.714291,15.434917
15.191855,16.068367
17.668423,19.092671
21.155619,20.535336
23.705016,19.358512
24.457393,19.991529
25.384848,20.380083
26.141494,20.371056
26.806425,21.29345
28.815758,22.209671
31.640717,23.339555
31.912758,24.334957
34.765585,35.447547
38.356528,22.585103
38.638516,21.682353
35.812915,22.471998
40.239778,22.177445
41.583991,24.442114
27.911659,21.562683
22.377584,19.201558
18.452825,17.885674
17.769004,18.819533
16.648665,18.21575
16.130126,16.808526
15.959609,15.864126
16.263705,16.400019
19.123151,18.522446
22.862744,19.733162
24.765785,19.336858
24.182774,20.335054
25.264123,19.627001
26.906175,21.337545
28.190129,20.585026
28.978834,21.933248
27.541169,21.987339
26.834638,22.096664
26.488554,21.861518
26.604492,19.032978
25.173079,19.580275
24.566499,20.424798
28.764561,26.541515
32.09574,33.386789
25.367834,21.800107
21.428932,19.952279
18.742533,16.756631
16.687585,15.782376
16.168708,15.641242
15.805877,15.508362
15.66369,15.323972
15.851539,15.469891
18.144619,16.531613
21.635823,59.172096
23.598723,32.38012
24.277575,19.885957
25.099819,20.98441
26.045229,21.572334
25.245284,21.697791
25.729606,28.917182
24.993847,21.395573
24.847011,37.554259
24.452085,23.465813
25.049871,19.92023
25.146358,21.525968
25.512567,23.958367
29.021784,29.51995
30.092623,32.648511
25.763909,25.995044
22.794285,21.412878
19.60733,20.375826
19.624718,18.963815
18.709298,27.919597
17.545157,18.751942
17.424829,18.307777
17.351259,20.385712
18.245302,22.169237
19.420505,27.200756
20.741564,17.509583
22.31198,22.452792
22.998311,28.848169
23.536769,20.976782
24.087945,20.817108
24.075975,18.779619
23.255162,21.075151
23.415284,21.664323
23.669941,26.46958
23.611197,32.80335
23.659312,23.788577
22.982824,23.984025
26.337214,22.806317
27.779188,26.350071
23.282669,26.266905
20.880749,31.816528
18.412447,26.926652
17.823818,20.216714
17.612018,18.943553
16.512205,18.870726
15.921434,17.877219
16.19079,17.949992
16.690802,17.57071
17.758951,17.757007
18.498483,19.415574
20.060797,27.178313
21.176916,18.644116
22.066422,22.618359
23.346714,19.900858
23.052798,30.78015
22.90479,25.974994
22.895626,18.927022
23.080118,23.967417
23.45932,21.701873
25.297237,30.923279
29.476656,31.741525
32.030698,23.754013
44.975861,37.345739
30.407171,23.118232
23.823189,21.83511
20.277305,19.917336
18.864489,18.081289
17.810875,17.759925
17.311305,16.936598
17.332653,15.575867
17.821967,15.873346
20.794937,20.144847
26.966365,22.863868
28.507287,22.99381
27.657399,22.80278
31.0165,19.48873
30.050927,21.661806
30.146133,23.127357
29.013493,23.738614
26.658258,22.728587
24.919031,28.29067
23.427696,20.970416
23.680532,21.088903
23.87906,28.640603
24.664385,22.194387
32.67025,24.166492
39.24863,40.730353
27.086586,25.459283
23.028865,24.255253
21.022915,17.054918
19.132217,17.605227
18.940558,19.82094
18.154792,16.339925
18.368722,16.745913
19.298842,18.511057
22.372519,23.731916
32.718717,22.534565
38.717052,27.552077
31.479927,29.776617
32.315841,22.742133
30.496702,23.725421
28.129733,45.665174
25.952082,27.409353
24.410483,22.033511
24.140268,21.920297
22.540785,20.953366
22.559774,25.836584
23.19664,29.731663
24.181033,26.726206
32.419404,27.285825
42.286903,64.163741
28.70474,30.937441
23.564212,22.395993
21.463942,18.814692
19.447511,19.639566
19.45721,19.987927
19.278006,20.132197
19.352466,19.114435
20.560952,21.646517
23.522139,21.654844
33.855292,40.632833
37.695589,20.836004
35.93798,21.058266
36.164479,21.389348
33.646737,22.674742
31.141711,24.614737
31.982348,24.138386
28.859266,56.563897
27.521718,24.267093
29.196899,28.753565
27.428739,22.17608
28.69724,23.206259
27.580637,25.552886
31.373034,36.755237
38.529976,37.327954
30.973203,38.151455
25.862404,31.780681
22.857767,34.708331
20.874802,19.660027
20.692355,22.957447
20.027265,20.129696
20.069278,18.602496
20.638467,21.27051
22.573146,21.814817
32.320897,37.564438
35.396928,29.608986
35.731421,48.520018
35.391557,23.213539
33.897346,24.779267
32.282731,41.936098
33.383253,26.932074
30.235166,30.599313
28.393888,23.604485
26.231078,22.658509
26.075268,23.844904
27.476938,27.317055
30.816566,25.007689
34.719679,24.249975
44.238104,31.376403
32.988525,41.130783
27.446133,25.159974
23.183774,24.968306
23.721026,24.210703
22.500682,24.711641
21.722381,22.942118
22.182078,28.267305
23.786862,27.125198
27.322345,23.902233
43.876668,23.600911
48.995264,26.399769
43.058721,22.758822
39.133006,31.080931
36.452311,24.410769
34.324857,31.907544
32.358204,28.602251
31.778091,26.251629
29.266989,24.62077
27.22833,23.103359
25.715323,22.113687
26.922609,23.908792
27.112823,23.405413
31.877623,20.869156
38.238038,23.869621
30.994849,24.735734
26.290428,21.619233
24.269167,22.89586
25.011047,45.76226
25.149588,52.253979
24.816591,24.641328
24.928046,26.662498
25.360758,26.152978
25.393851,23.937364
28.861117,24.773821
34.533254,21.254846
35.483811,22.159464
36.065617,24.918554
34.664898,25.912376
32.985386,24.687487
28.815928,24.644792
27.012523,22.80755
25.464235,22.389659
25.437722,27.740251
25.642244,24.338524
27.016891,25.471411
27.217195,21.490002
34.825855,21.463355
43.184033,26.283453
34.313977,25.502292
27.697369,25.232509
24.330293,22.552765
23.578904,22.003268
23.075176,23.823062
22.81603,21.1303
22.848069,21.625088
22.732477,21.801879
22.705715,23.478742
23.267963,23.379629
24.186176,22.597566
24.363444,22.197682
24.480803,22.433395
24.222619,21.575529
23.782814,22.713977
23.048095,21.1258
22.174279,23.263152
21.590675,26.200434
21.434269,24.299034
21.64102,24.997427
22.985933,25.367157
23.135227,26.063054
25.987961,22.27758
36.434874,31.202008
29.307831,23.213134
23.427409,21.025545
22.200452,19.928303
22.183063,18.461473
21.260176,18.822489
20.27689,18.518596
20.401593,18.711034
21.257684,19.294779
23.39902,46.307879
33.023991,23.539283
38.349685,25.625868
33.986698,49.843576
32.736377,31.177724
32.130197,25.959573
32.408406,25.66583
28.890559,27.484061
27.63332,29.051612
25.943765,22.9016
24.899355,20.765909
24.785986,20.444166
26.622516,22.371061
26.763371,24.865511
32.939834,24.553885
40.507703,37.29927
32.111852,30.55521
25.403325,30.198754
22.619912,22.385343
24.469592,24.933798
25.316644,34.304514
24.583029,23.731345
24.777514,22.817072
25.972323,24.071825
31.792699,33.970486
44.45993,58.128346
42.978894,44.091462
40.664396,25.692803
40.575496,28.011753
40.164683,26.184499
41.504992,27.170108
37.477149,30.537799
39.197991,23.81738
36.780177,23.989368
34.713147,23.668004
34.213004,24.150251
36.320198,26.347689
35.398283,27.95505
42.207144,30.129405
47.566103,32.634854
39.555646,36.954984
34.593437,32.783051
31.004887,37.968934
26.139671,26.311099
25.46703,26.116178
23.989191,27.407426
24.38062,26.81891
25.414564,25.753709
29.414531,22.201378
37.232883,24.875314
40.775835,24.518739
38.150256,27.777243
37.134495,29.465893
37.559041,30.414926
35.532851,33.060691
35.090843,87.562718
33.407756,34.497367
28.819528,28.234227
28.040452,24.009087
31.073702,27.100817
30.192268,31.205193
34.998152,27.410684
42.326069,49.575044
49.126105,78.623096
37.464358,70.56473
33.126581,44.353766
32.047059,30.417609
34.339762,31.791905
32.580516,29.195864
30.64441,30.166399
31.770704,30.230515
34.672364,31.603489
40.959087,29.580392
53.798227,56.806189
65.244297,32.435686
46.069998,31.824365
38.72448,40.993601
36.589387,43.311826
35.051448,28.267033
32.75979,60.429529
29.800868,32.131413
28.735418,28.828747
27.344305,24.774807
27.537216,29.081154
29.095699,53.631182
30.877608,23.367639
37.801304,28.811353
48.326763,31.277491
36.684729,31.151746
32.106405,27.428904
28.433517,29.238347
29.207599,23.496704
27.894457,25.244302
26.579352,22.144083
27.069759,25.524949
29.771936,25.436844
36.339308,32.130448
53.459858,34.354269
62.49652,32.977918
44.015472,36.430574
38.2592,28.376507
37.729175,29.629134
33.215383,48.470253
32.311378,63.579698
29.750061,23.603487
27.785187,34.075699
25.992223,19.022219
25.939282,29.402402
25.967221,25.162447
27.131959,26.679605
34.882259,26.375714
42.500167,30.353474
34.472249,27.565206
27.729572,22.83227
23.37988,22.058524
24.761864,22.325241
24.713304,24.305643
22.865609,22.825202
23.204924,22.499535
23.525318,25.004549
24.749189,25.604225
25.110675,23.882434
27.503046,23.621301
28.637966,24.540156
30.845644,34.613817
31.346144,27.868609
30.629076,28.56719
29.034696,23.02865
27.632794,29.70732
26.35979,25.031748
26.111323,26.583423
27.621102,44.589768
29.007162,26.621694
27.525453,33.189576
29.984278,22.364032
37.147462,25.07437
29.165529,24.586669
25.677029,20.423971
22.822714,18.391315
21.165891,19.022897
20.616742,19.266367
18.891447,17.787988
18.274795,17.710436
18.462284,18.750057
18.457066,20.220734
20.626119,18.085319
22.434588,19.494634
23.543054,19.305801
24.528986,19.692002
24.988746,21.367807
25.293812,22.5782
24.399449,20.501962
23.462399,20.394404
22.887539,19.712802
22.566574,19.008725
23.494641,18.591114
23.693522,19.246615
23.580904,19.454183
28.473984,22.105336
35.266915,22.911809
29.354286,20.792747
23.273582,18.532314
20.853651,18.396797
20.361823,18.635636
20.131181,19.471941
18.943915,19.284303
19.677728,17.923751
21.309282,17.260818
25.720959,18.796723
41.504135,29.942207
38.873974,22.4281
35.12924,26.319458
31.876538,21.342397
30.489381,23.27335
29.814752,21.209119
28.673867,18.636006
25.44335,19.081782
24.675695,20.016069
23.117,27.18061
25.228312,20.590362
27.063879,24.399141
27.528893,24.106179
34.880025,23.936998
41.130107,26.305315
33.485291,23.624072
22.79915,18.540196
20.097422,18.668897
19.194566,18.314154
18.526969,18.030487
18.220412,17.066544
18.147447,16.967712
18.427639,16.937007
20.640168,17.990207
27.226799,22.39765
26.623128,20.497937
26.707961,24.954752
25.94352,24.968618
26.625525,22.840167
28.522323,39.211255
32.306365,102.081681
33.694443,73.992016
36.328484,37.874821
37.620664,54.742
43.302072,103.943499
46.12292,113.562883
42.591608,106.165919
43.042434,97.904236
47.869334,60.733182
35.436514,45.762705
26.222464,30.127142
22.295247,23.308457
20.505894,17.732283
19.10664,16.801564
17.941399,16.326556
17.675808,16.371698
17.282224,17.118683
19.719976,17.793732
23.045877,20.213149
26.325349,23.018116
27.797163,22.295213
29.998092,38.549685
32.834941,23.77993
36.498564,21.66554
42.928792,28.380292
43.822452,37.627219
50.444651,48.064388
54.386598,62.673393
65.142745,45.834882
66.388948,64.090293
50.935099,82.511801
49.822501,90.079383
49.759443,78.092077
35.862435,38.172443
27.760223,26.922532
23.851682,28.319088
22.844688,24.636131
21.395843,26.805036
19.653758,20.64924
18.945063,22.803247
19.309242,20.356104
22.113714,25.463315
27.402444,40.353337
31.019699,28.334439
31.724635,30.399653
35.333296,26.798832
38.661935,27.240915
42.367515,29.87978
50.192225,27.612282
48.95866,27.92173
50.437504,30.751702
54.49853,31.445416
54.899747,28.505205
54.494226,43.866938
48.579967,40.695004
48.774919,29.088506
50.408318,34.576704
34.579781,29.655068
27.191164,23.322886
22.42066,21.092996
23.664233,24.211395
20.999045,19.04349
19.424991,17.537962
18.863317,17.998567
19.456001,18.362062
21.974928,19.240837
27.845334,25.149289
28.332022,20.114308
28.750326,19.706331
28.334874,22.197878
28.968958,23.432719
29.060907,23.815136
28.444841,23.460712
27.407876,24.637841
26.666606,29.862165
25.646034,21.384797
26.112283,25.722487
26.147092,25.595165
26.344436,24.68972
29.659599,23.585387
31.679699,29.272664
28.381181,36.568961
24.317491,20.763012
20.764184,18.755619
23.22041,18.374516
22.675189,17.160638
20.103716,16.287946
19.398781,16.31068
19.95492,16.461393
20.45094,17.0673
20.552958,18.28233
21.738677,18.259545
22.454374,17.834667
22.626907,18.801768
20.884693,22.162473
20.136957,15.110545
19.578396,18.749829
19.360847,17.312648
19.334476,16.485789
19.354108,16.435718
20.560034,18.059387
20.814843,15.013383
21.887396,27.271744
24.387332,19.425331
27.531819,56.052809
23.877408,23.415725
19.966484,17.667167
18.644471,17.026527
18.748335,15.036584
18.215841,14.941627
16.926183,14.137264
16.649111,14.115686
16.386613,13.568771
16.068491,15.017058
16.372378,15.766039
17.247904,14.16104
18.390041,17.344209
20.315461,29.74342
21.247644,15.262093
22.809857,16.858919
24.198329,17.965307
24.829099,19.657519
28.308021,21.553355
30.934335,83.568386
33.993935,21.589514
40.542816,29.9631
37.859554,29.401612
35.273416,28.36454
46.852575,38.88782
33.179181,26.757346
25.540234,24.01363
22.794232,21.58524
20.317348,19.078059
19.087315,19.058396
18.123071,18.943121
17.902991,19.335238
18.896394,19.604288
21.583961,21.500204
27.098245,28.779664
28.770309,26.957384
30.626277,29.568896
34.07108,31.855191
33.112848,28.680875
35.95491,32.583378
38.141583,33.455051
40.263153,43.703408
39.18634,35.192708
38.148082,32.913435
39.742733,42.785996
39.387077,33.954315
39.164972,30.686066
36.201195,30.53602
38.820118,28.465306
34.134168,28.636213
27.252626,23.18746
23.408832,20.012256
22.369397,21.956842
19.505099,19.441449
18.465509,18.055226
17.846117,17.651867
18.339274,17.615974
20.396651,17.573309
26.352356,26.077212
28.241326,32.328331
30.085553,25.704754
36.025918,70.979078
40.53206,25.91553
40.35157,26.779722
49.649046,54.644644
49.468262,62.14004
42.10377,41.55779
53.63324,30.289577
89.58583,49.18452
96.355496,99.332364
58.447007,53.215406
47.897032,26.902261
54.998767,32.149313
42.180988,40.09658
29.521131,27.127337
24.701032,24.725577
25.778315,26.947402
23.032251,21.896659
20.873418,20.761542
21.033263,19.698677
21.222785,20.221332
23.044904,22.985402
29.177054,28.287497
30.702947,33.632749
32.058866,29.710533
34.827614,32.018187
35.13073,25.953598
36.99975,39.48611
37.471733,41.904711
39.140016,29.667826
37.516956,30.900469
38.320001,27.653464
38.056973,37.851636
35.682884,49.617116
32.705403,37.537155
32.98163,33.135935
43.48252,27.155976
33.261464,33.212565
28.103002,23.124299
24.240215,21.575164
23.787162,32.044245
22.066132,21.230354
20.814165,19.721907
20.412533,19.759571
21.355311,22.032788
24.887582,49.866697
33.057604,23.997044
32.921743,22.641143
32.529282,26.926423
35.43582,29.198461
34.20407,31.827941
31.513687,27.410636
31.551071,32.671899
30.863887,28.727422
29.405852,23.463901
28.964623,22.195528
28.76441,24.988636
28.994982,28.799989
28.595663,27.030006
29.717198,40.376453
38.780159,35.345197
31.486481,44.323062
27.067793,28.077904
25.884243,25.406991
26.231427,21.80081
23.607274,20.870062
22.390971,20.550583
22.337426,21.369005
22.976484,21.436399
27.18579,26.744713
31.890814,121.257976
38.226266,24.911922
38.242894,28.929137
39.518482,28.707134
36.236108,27.386229
34.949487,26.328843
31.464434,33.511127
30.898956,22.896537
28.828026,24.363864
28.280112,25.940698
28.480465,22.832609
28.846155,23.587952
28.829659,24.666842
29.608109,24.048116
38.851501,32.323356
30.162216,27.352745
28.016494,41.366873
25.225212,25.025424
29.176603,25.671205
26.818202,23.604765
25.640063,25.319043
25.210314,22.93436
25.335942,24.723582
27.397489,29.290612
27.810975,21.282956
29.591609,21.88446
30.614508,24.388713
33.18766,25.383209
28.948858,24.434334
28.548194,36.136626
27.324104,22.69331
25.767366,25.205629
24.244462,20.583196
23.677786,21.649789
24.019578,23.085248
25.379674,22.266689
27.047601,25.583629
29.861618,30.356539
40.054862,25.526922
29.726614,27.640296
25.796896,108.660743
23.319632,22.789273
24.719006,21.766172
23.560117,19.746723
21.77639,18.762106
20.756464,17.757263
20.940908,17.705217
21.42393,16.963844
21.287607,17.861623
22.533287,18.557947
24.597182,20.972137
26.007116,24.31749
24.177377,19.014627
24.106475,19.045169
23.191947,20.709267
22.562507,21.643144
21.994731,20.90475
21.421453,19.344477
22.983085,21.75135
25.218646,26.267086
25.953745,28.465782
29.452455,23.943209
35.911436,27.817903
31.540895,27.15149
25.749042,25.635779
22.937628,21.929636
25.314292,20.550291
23.707862,21.952781
22.654601,21.811709
22.520321,20.797724
23.277457,21.92476
29.206389,24.685519
40.623824,24.951325
41.934524,30.86871
37.400405,26.967169
39.735024,37.961711
38.587521,27.899802
38.35899,28.964988
36.126786,27.106995
34.435632,26.803719
31.468447,26.533059
28.934168,28.707368
30.027908,28.868267
30.816976,25.770033
30.407208,29.278629
31.500357,29.926138
36.550172,34.066478
33.406868,25.559866
28.013078,23.663718
24.087353,22.233485
22.923923,20.752387
20.542357,20.061353
20.071979,19.999665
20.195658,20.511362
21.218487,21.497917
23.836912,25.317216
32.345947,28.282519
31.398829,26.055011
32.355635,25.535002
32.513343,24.416067
31.692383,27.99641
30.348594,24.177655
30.185714,27.541587
28.876204,25.536883
27.171744,26.222465
26.328996,25.325108
26.683142,26.936843
28.104524,28.881312
28.219697,27.687306
29.898016,33.323168
34.468357,25.532214
31.239931,30.312301
25.875686,24.824189
22.583844,21.049111
21.622941,20.17424
20.095269,18.636432
19.799393,18.782719
19.665935,18.074559
20.250498,18.974957
24.812821,22.60576
32.571275,26.65639
31.72522,29.803035
32.261563,30.030352
32.10317,43.064116
31.190404,38.557768
29.672315,31.381916
29.342464,28.087242
27.557505,29.117332
26.652235,28.318038
26.279601,41.108174
26.610075,28.654155
27.844747,30.720123
28.287905,24.560371
30.536863,28.418107
38.585715,28.697547
31.480728,27.46898
25.262907,22.275794
21.931069,21.031534
21.834487,19.95337
20.165469,20.275793
19.830994,19.819019
19.671658,19.764745
20.743653,20.811656
24.323217,42.882251
33.368914,35.377178
30.689971,23.853766
30.492973,22.844917
30.515246,23.958207
30.23266,24.149034
29.308572,23.355255
28.407588,26.133608
27.527121,26.947947
27.359504,27.843777
26.967774,26.109686
27.561886,24.11837
28.504218,25.946838
28.858087,23.92145
30.044862,25.140297
34.788754,27.04097
30.396448,23.867136
25.959701,22.147222
21.413991,19.835226
20.551482,20.311496
19.248938,18.646017
19.006796,18.56532
19.860039,17.98138
20.595288,18.753412
23.379234,20.286553
28.229998,24.242332
28.084453,21.238805
27.884455,22.724711
28.415238,26.054381
28.380897,26.336273
27.936855,27.32061
27.631587,28.784654
27.591892,26.463611
26.936945,26.398123
26.549104,24.314441
26.628097,26.704626
27.473537,24.334826
26.786936,22.76954
27.441327,22.705025
29.50644,24.718678
26.483827,31.249803
23.635223,20.114542
20.352315,18.823515
22.034997,20.481882
21.523252,19.307581
20.675883,19.005764
19.98292,18.686551
20.005421,19.613589
20.235813,19.883208
20.602655,20.018751
20.191425,19.010246
21.655741,19.075132
22.399515,20.539765
22.542319,24.605422
23.816379,21.982748
23.757284,23.985395
23.685817,24.766342
23.594995,21.890627
24.389485,23.428745
25.316354,26.268192
26.874593,47.382236
26.749362,22.931281
27.0155,21.534133
29.411251,22.348719
27.937807,40.305166
24.577939,23.422983
20.335868,18.920246
21.311509,19.091804
20.415411,18.891082
19.776182,18.482501
19.199503,17.624705
18.723466,17.628653
18.816376,18.558266
18.75132,18.502643
18.9388,17.075916
19.823111,19.103231
21.181012,21.685447
21.795279,20.805974
22.038735,22.950283
22.620611,20.583275
22.70134,21.913838
22.974571,21.671218
23.858436,24.018134
25.740494,29.494477
27.739539,28.698996
27.784829,24.495387
27.706187,23.996536
28.955229,26.590455
26.899282,25.642135
22.488518,22.311898
19.278771,22.614311
19.068756,18.897412
18.967244,19.945661
17.83554,17.813316
17.380811,17.071162
18.383506,18.571902
19.453713,20.826587
22.259861,25.47824
23.782813,23.956343
23.969343,24.251844
25.272056,33.505453
26.48056,28.120519
26.656663,28.036132
27.031585,30.258876
28.690105,31.14032
29.686971,34.32913
29.318569,25.92063
29.645021,26.478258
30.696892,33.007427
29.331244,41.463373
29.168064,27.013214
30.103487,27.339828
28.589983,29.300933
21.821621,24.284777
19.288583,24.453153
20.718231,21.851821
19.272646,19.563449
18.319252,19.294766
18.035554,18.974216
18.622137,19.769236
20.220645,22.254311
25.180819,22.339413
25.319977,22.786426
25.732692,25.978524
27.269403,24.015941
28.690742,26.091213
30.310496,34.004269
30.959102,24.625668
31.631901,27.780994
33.041283,29.050976
36.340916,28.694786
36.5602,52.806929
37.332012,48.429672
35.024813,101.146313
32.950956,35.780104
33.764366,31.072343
31.428299,31.970719
23.72977,24.030353
21.44736,21.544073
20.434157,19.084093
18.959647,18.271409
18.251193,17.041778
17.338916,15.900516
18.377533,16.985267
20.566039,17.337131
24.177486,18.637735
24.097315,19.498953
25.102793,22.155028
28.337826,23.442956
29.372015,31.396461
30.31698,24.854469
32.466988,29.532461
37.797311,29.65735
40.79293,34.814088
44.441864,39.103383
49.614148,41.565096
53.828733,211.777448
46.052253,37.912117
40.235835,38.556011
40.53864,27.078114
34.14837,34.408694
27.502622,26.978269
23.117095,21.265025
21.465941,22.100929
19.359941,16.863575
18.43609,15.116887
17.486454,14.652197
18.183425,14.369032
19.185099,15.628493
23.165787,16.951701
24.228341,19.00397
25.785755,23.080133
29.906584,24.322202
32.759495,26.566036
36.861636,31.745176
41.897862,47.74054
46.400535,32.078917
50.814082,25.901214
56.129511,30.951588
65.717607,39.461111
66.598792,37.527141
52.661071,33.320363
43.036791,31.607565
40.702123,30.434486
35.301249,33.259844
28.692411,23.431557
23.684562,19.834156
20.961705,19.822174
18.89681,16.821687
18.242214,14.548294
17.13053,15.717726
17.818617,15.12007
18.739278,14.668276
21.266379,18.78282
22.768714,17.64144
24.154608,22.239443
27.441201,22.322907
30.638704,24.84713
34.6533,25.63122
38.276157,24.883207
43.458697,35.430256
48.806073,33.185675
56.143743,33.385955
64.696862,38.389834
69.708654,34.622041
50.680043,31.766618
41.641432,30.470485
37.477844,25.365317
35.040301,26.009993
29.459739,25.391923
24.650936,20.979029
20.857533,21.449808
18.727985,19.725009
17.920918,18.781595
17.244128,17.909109
16.950087,17.465729
17.302673,17.818991
17.248194,15.331687
19.027049,17.053414
20.820759,17.83469
23.827435,19.96195
26.526641,23.730276
30.27565,31.936297
33.886003,25.856946
36.817896,26.251023
39.076735,28.933808
47.177826,30.698193
57.308669,29.24011
61.917527,30.668232
49.060408,32.56094
39.122971,27.694383
38.823885,27.015719
34.234799,25.714642
27.017634,24.732869
24.592007,23.949353
23.56549,20.876177
19.697651,19.403549
19.613627,17.249431
17.682895,16.262677
17.574567,15.334094
16.923152,15.93015
16.446159,14.410319
19.687974,15.201645
19.956935,18.656027
23.54536,22.86675
27.117393,27.089435
31.079663,27.337375
35.306366,29.87442
37.927173,30.591785
41.527223,32.551108
45.918523,34.406345
59.90328,69.016327
64.283558,39.992615
54.772159,38.170778
42.50079,34.228207
40.51423,31.564609
35.521508,33.689093
29.878395,26.916719
24.792233,26.566711
23.895818,26.632898
21.944589,24.246668
19.427937,20.326037
18.767656,20.321865
19.119958,20.477399
21.669716,24.111075
23.363315,22.611109
24.332116,25.684328
26.096978,30.52271
30.740019,27.672383
33.04116,28.07063
35.48526,29.897554
36.392891,43.253922
38.573897,40.431158
39.652808,39.352845
41.833362,48.104674
43.825379,53.038089
43.779235,65.702112
42.16279,64.0117
36.69989,38.815498
38.576259,53.387481
33.802949,26.490738
28.597182,23.177056
22.721443,19.867094
21.699017,18.779031
18.950028,18.244432
18.042218,17.089261
17.741599,16.384397
17.759923,16.902819
19.751622,18.590935
22.033761,19.443762
24.06007,23.778976
25.972058,27.494929
30.084416,28.278058
33.138553,35.94702
36.778715,31.019008
39.259926,38.700697
42.423213,48.865551
44.903866,41.556451
50.102111,39.798169
53.857744,43.171615
55.725554,117.247637
48.926753,62.117852
41.278883,54.503428
41.499217,29.777719
37.262242,30.920389
29.129317,33.567093
24.018059,23.769078
22.265531,22.03158
19.855999,18.141901
18.512929,17.978934
17.479589,17.172474
18.046788,17.46945
19.779968,20.779054
22.567078,21.784141
24.810189,25.029538
27.297246,31.368594
30.287917,31.980519
36.257856,410.857876
41.443313,32.047175
40.814417,45.225126
47.403497,242.221883
51.481815,67.693168
57.631985,197.512765
63.529703,179.604152
63.859188,30.977712
49.62192,34.847439
38.702824,71.861254
40.817676,33.828371
33.908309,45.360793
27.459858,38.024143
24.373042,24.191549
23.863305,26.145608
22.397634,47.405607
19.249713,19.327311
18.693542,19.225737
18.873481,19.439985
21.146649,23.133453
23.467178,23.074422
24.637646,26.136383
24.807952,27.48035
27.358792,69.099577
31.121821,25.020668
35.333347,70.747366
39.089173,32.994268
42.620765,28.454547
45.776199,39.291383
47.526252,36.711863
53.078931,46.041186
54.273387,39.786423
45.292942,33.679836
38.780446,54.468265
35.814029,28.984888
31.979964,25.288095
26.167837,23.686728
23.32051,23.63389
23.119361,23.549181
21.507889,22.128735
19.039273,19.338582
18.72521,18.90258
18.879982,19.607843
19.996883,20.241467
23.387295,20.181299
24.339044,21.975513
25.65135,25.282979
27.929293,21.149868
29.985686,23.227594
35.596924,30.414016
34.030337,28.890282
32.958241,25.873247
30.463773,23.795883
29.790457,23.466421
29.962502,23.800837
29.419345,25.074806
27.099255,23.266684
26.036429,19.718217
25.315013,19.739062
24.222649,18.599187
22.739417,19.865347
20.757488,18.114641
20.752673,18.074147
19.247001,17.855836
18.422582,18.959475
17.945902,18.348375
18.020546,17.142255
18.066879,19.022099
18.269404,18.254285
19.114829,18.324977
22.301012,21.207548
24.027444,21.830907
24.857944,21.973233
24.820767,18.633422
23.601212,19.685063
22.962191,19.159189
22.430173,18.352726
22.098252,18.845663
22.68168,19.866778
23.544723,21.609517
23.721455,19.444818
23.984723,18.672639
24.909806,19.353936
25.504063,21.611373
22.501799,19.563587
20.992649,17.750281
18.595046,15.674069
17.948208,16.484967
17.763718,16.7862
17.269777,15.975102
17.495096,16.584535
17.435743,17.023458
17.597204,15.768982
17.940731,16.625292
19.847598,18.596726
21.854327,21.190012
23.044252,20.713849
23.243219,20.707195
22.885547,20.96534
22.302772,19.502644
21.805369,19.294679
21.674693,19.295471
22.231611,19.524548
23.743294,20.53341
24.406125,19.837511
24.519007,19.57359
24.831295,18.779751
25.417828,24.690746
22.135922,18.512202
19.474779,17.178616
18.727175,16.518022
17.935571,15.194701
17.430972,15.597505
17.047659,15.120497
17.037353,14.32235
17.059628,15.814512
17.409667,15.496414
17.508731,14.01082
18.781981,14.996753
20.395523,15.972877
20.994352,16.96913
21.844307,17.577858
21.704844,17.628037
21.624605,17.497654
21.873876,17.297931
22.244619,18.544721
24.346271,19.387246
27.527537,20.139917
26.707163,21.053819
27.599382,22.437256
27.626583,23.685442
26.581811,22.683752
21.671732,19.288728
18.948887,16.701938
18.2893,15.928611
17.471696,14.528816
16.951522,14.711137
16.659155,14.450277
16.983114,14.178111
17.94257,15.330121
20.300712,16.598542
21.573263,18.573501
22.474998,19.4745
24.542919,22.226066
26.062399,21.565048
28.134896,24.334526
28.691804,28.357396
33.179949,26.267819
33.927347,28.375283
33.79735,21.722771
39.553035,24.686118
40.340005,27.512668
33.981047,24.940304
33.233684,36.221818
30.863201,121.996492
28.297653,24.263103
23.63218,22.919657
20.440042,18.917675
18.97825,18.781177
17.877238,18.075343
17.208996,17.278707
16.811716,16.501792
17.437896,16.883055
18.039383,18.596429
19.502984,17.751658
21.815715,18.442254
23.435662,25.055271
24.213419,20.346526
26.52226,24.222884
27.156048,23.662281
27.782621,26.076061
28.935353,26.846862
28.965852,29.093299
29.501578,30.184468
29.527022,27.151444
29.633008,88.337646
28.677127,26.377469
28.142897,23.33575
27.954265,27.39836
26.308556,24.735838
22.094467,22.148025
19.651946,19.787322
19.663207,19.587139
18.942899,18.915302
17.379002,17.149598
17.190382,17.648129
17.551531,18.316069
19.054346,20.562909
21.360496,23.208495
22.351586,25.157804
23.503637,27.743097
26.47413,29.191734
28.85409,25.983079
31.457635,30.384757
33.641938,38.384677
33.28046,29.310323
33.031659,32.949882
33.324659,31.539827
33.821921,30.73277
34.072642,37.787938
32.299709,47.300447
32.43603,37.916375
33.011242,28.606608
28.586111,27.5044
24.25793,28.461642
21.782699,35.476879
21.367883,20.456444
19.314338,20.537663
18.114616,18.864675
17.502109,16.947322
17.747663,17.759317
18.882936,19.349604
21.397734,19.944298
22.206542,21.388188
23.852391,24.185649
26.856845,25.937705
29.471797,26.242679
32.589885,31.424207
34.555243,28.810418
36.979992,31.078132
39.293523,31.89795
41.560183,46.594127
44.742645,55.907632
43.12692,84.190788
36.798441,69.527962
35.772723,47.189653
33.387944,29.098293
28.487212,26.861401
25.104498,33.898837
21.051739,20.60852
20.897651,20.57676
18.571479,16.574091
17.688806,21.397766
16.112453,14.462114
15.433688,12.83949
15.367006,12.094742
14.734095,12.75021
17.431231,14.619576
19.432283,16.811485
21.550273,19.504709
26.750978,23.417351
29.832295,26.104603
33.765142,25.4955
36.196364,27.316872
39.022205,26.691867
43.599125,28.476813
51.109676,34.681069
56.696284,31.914557
47.762425,32.463903
41.066101,30.079001
36.852457,29.750725
32.122744,26.353503
28.302106,25.747132
24.640742,21.759674
22.14037,20.961822
21.092089,18.770324
19.770159,17.086902
18.752896,17.242531
18.144909,16.791458
17.045871,17.088901
15.316179,13.960167
17.474164,15.188884
20.03523,19.010018
24.440154,25.508576
27.862756,29.435614
31.666358,28.474363
34.742138,30.748164
38.326948,32.485484
42.790658,30.012244
53.542573,34.625622
67.110389,34.565393
73.580885,102.493499
60.656107,68.098122
47.911193,37.275125
41.203251,31.765982
34.990682,31.729721
31.776748,30.376445
27.74037,33.191052
23.213578,22.485088
21.326093,25.656668
19.520144,19.7003
18.621285,17.958933
18.420838,18.539723
19.881569,19.43769
22.091858,24.830361
26.010891,27.692702
28.36337,33.06208
31.56328,37.402968
35.331135,29.60311
40.416592,30.849043
44.632752,37.622955
52.153522,34.811017
54.568894,35.860885
61.060926,37.781056
66.398563,39.045207
68.835611,35.156074
53.135586,34.949304
43.103923,32.808808
39.675432,32.933738
35.809235,38.34137
30.636877,32.687059
26.518432,28.065315
24.10947,23.090518
21.987733,24.421612
20.254699,24.283694
19.274118,19.8799
19.205315,20.146908
20.17596,23.831598
22.65458,32.83361
26.725585,61.906913
28.949509,35.363729
31.692066,33.397249
35.521193,72.467337
39.955281,35.761719
41.000199,55.760044
46.01051,53.371393
47.172045,49.385399
51.260323,40.611106
59.26297,37.116961
59.20696,48.05626
48.883187,44.227187
40.793674,51.592242
39.992721,35.972749
35.823748,32.740674
29.774022,26.928602
26.74044,26.694525
26.658847,25.299053
24.883572,24.738246
23.309474,20.913785
22.065463,20.814515
21.836638,21.361824
23.449045,22.582969
26.405465,25.784689
28.524886,28.378851
30.834067,53.316378
33.826227,29.01356
36.145475,96.472357
41.845942,54.702945
45.00653,64.115219
48.460048,40.200247
51.57398,56.739651
53.376905,95.585058
57.946062,106.893134
55.715372,47.147892
48.458005,41.913065
39.372396,36.716042
38.85325,36.268306
35.707716,31.773778
31.749627,37.454244
28.256908,29.183428
25.757417,25.009149
22.711423,22.320596
21.549876,21.38584
20.505468,20.642903
20.796804,20.851463
22.046364,21.896467
24.302792,24.34011
27.38895,37.817632
29.309724,54.002212
32.139553,53.939156
34.692984,64.858925
38.711535,49.970235
40.32257,61.8351
42.307711,39.018223
44.125367,78.715045
45.533343,76.473618
48.321598,81.855895
48.326281,43.660985
44.597668,40.710003
40.037295,31.673185
37.617158,30.081063
32.705051,26.513795
27.512995,23.409478
24.646972,23.305365
25.698286,23.07632
23.750104,22.962832
21.678561,20.750698
21.00914,19.675605
21.151546,20.719738
22.178841,22.268689
25.043776,22.287165
27.439898,25.698153
30.562179,39.332702
34.617163,31.977764
37.189257,39.82783
39.355704,29.907489
39.832645,51.029451
44.657074,46.573111
47.832719,37.10817
51.182279,32.453639
52.912741,36.632882
51.826725,36.353988
44.584502,34.087792
41.607039,28.50704
38.610881,29.166322
34.838077,29.890494
30.847024,31.649565
25.602274,21.573481
23.336254,20.818744
21.73738,22.89271
20.728275,22.657914
19.407374,20.349639
18.868856,20.046402
19.31123,20.911901
19.678361,20.718169
21.823595,20.439293
24.498482,24.108452
27.356534,26.823489
31.274495,69.834
34.606493,54.285467
36.193115,80.972262
38.163619,74.934318
41.581604,28.577038
43.166128,29.64009
45.192592,34.596285
45.681483,55.45181
40.385171,55.360924
35.557945,31.462105
32.562977,28.719568
30.460133,40.99264
27.067406,32.222343
22.955434,23.409285
21.526497,21.665703
20.891309,26.657295
19.747924,21.167437
18.271328,18.933686
17.766514,16.201667
17.464589,17.037944
16.60244,14.825286
17.983486,15.406382
20.528831,16.922007
22.306002,20.040893
26.867832,23.387901
28.147278,42.915296
29.328332,27.589057
32.06626,28.057648
36.516139,28.279317
38.023739,28.276309
40.723335,28.791557
45.082859,31.275668
40.084747,31.48043
37.257049,35.861102
34.720125,31.2649
29.943359,31.469442
26.863404,25.485164
24.515759,21.554032
20.301907,21.895938
19.328626,20.546628
18.190755,17.342465
17.623019,15.50617
17.45785,15.105287
18.233445,15.088186
19.065683,16.363796
20.988528,20.575495
23.941951,24.213073
27.124676,22.994842
29.263594,27.051494
31.851945,27.331225
36.959718,59.924529
38.556886,32.406264
42.303681,51.618839
46.210847,71.987193
48.29004,46.639964
50.190931,40.351058
42.360071,34.397892
38.275841,29.068631
35.627481,27.270221
30.669203,26.421688
26.955313,22.452585
23.025377,21.025421
21.43392,21.332078
19.391716,17.810934
18.536462,17.391315
17.839632,16.492709
18.346018,16.74353
18.705664,17.867399
20.791992,17.342416
23.234483,19.511995
24.768304,21.992068
27.173292,22.702525
30.541764,27.541631
33.22871,39.499216
35.428456,28.455748
36.076397,31.150207
36.383622,28.282864
37.66092,32.826431
40.9044,36.162305
40.318954,31.939014
36.577391,32.3091
34.999754,32.249845
31.460678,23.632226
28.835176,24.353377
24.232437,19.400918
21.972676,16.476026
19.721314,17.022157
18.28466,17.959623
17.359226,17.29689
16.86458,16.065243
17.09165,16.458048
17.923173,17.099464
19.038551,17.211673
21.130932,17.659271
22.348316,19.679855
23.450283,21.215108
25.415004,21.346526
26.082499,22.640941
27.478852,24.190979
29.438276,25.182188
31.013151,27.447725
32.573967,32.78117
36.143506,44.923845
37.123878,35.383633
33.098971,33.497037
31.393921,30.202584
28.211454,26.401539
26.593305,23.591641
23.162854,21.33831
21.538524,19.311661
18.729991,19.126583
17.506949,18.150813
16.67829,16.861101
16.050589,15.150123
16.313606,16.822525
17.160702,17.364136
19.219424,17.3552
20.592879,17.148915
22.196793,18.651621
22.967911,19.829992
25.511338,20.567006
28.433696,21.49732
31.199047,158.929933
34.848941,66.381438
37.230673,37.431097
40.101386,31.475998
42.970108,62.27421
45.265136,59.931606
40.0308,53.591539
37.496713,123.066274
33.659532,31.903885
30.111923,30.979417
25.551961,22.946466
22.199555,20.428532
19.120258,19.758815
17.675483,18.465526
16.823817,17.085799
16.115422,15.30482
16.144666,16.066531
17.039359,17.196438
18.103255,18.152962
19.381112,17.540565
21.296369,17.841159
23.817467,18.588003
28.122366,20.115845
32.544012,21.132445
36.439322,24.488126
40.736454,32.059698
43.350648,45.505311
46.064556,43.208827
50.82974,46.882004
53.89057,42.449966
46.65995,44.022472
40.949465,44.281258
36.933021,37.859871
35.857215,30.340906
29.350375,31.361181
25.109155,24.227385
23.569878,22.496066
21.431839,21.490874
20.888326,20.718991
19.478646,16.954393
18.525994,17.147874
18.085353,17.279347
17.892093,17.365033
19.162123,16.85037
21.570236,17.338324
22.949364,17.819204
28.255011,19.956088
31.093428,23.582585
34.508622,25.379219
37.173046,25.478319
39.685444,26.166568
44.275909,33.792435
50.18355,35.528825
55.138276,38.020296
45.998499,40.585742
39.757956,67.536055
35.810534,55.941499
32.989743,27.341387
28.788382,24.111164
25.974915,23.390814
23.44587,23.563556
21.331085,20.332762
20.654671,20.568705
19.650734,18.535905
18.949642,18.146423
18.220581,16.041405
17.752545,14.548713
18.550099,15.428018
20.354288,17.750167
22.725395,20.188454
26.158777,24.19991
30.220594,44.172823
33.710373,34.372935
34.751135,36.091747
38.281402,29.956958
44.309434,38.439138
52.407557,32.67783
60.135713,35.375969
51.701777,34.668195
44.644398,34.561946
38.571834,38.587663
34.064468,39.168823
29.712979,28.885332
26.756279,26.123195
24.930186,25.143481
21.825587,21.646039
20.941476,22.698554
19.909302,20.758508
19.811577,20.196143
20.575843,21.515937
21.844725,21.076314
26.112353,21.518163
28.817528,24.726529
29.684026,25.97511
35.088182,31.928809
39.238826,29.134043
44.759184,27.614035
47.746985,30.018235
49.178278,32.682199
56.264891,40.137674
65.205943,57.21969
63.66771,30.16698
54.142105,24.751637
46.994261,24.133366
42.927373,24.496919
37.508076,26.096141
30.834753,23.497833
26.574671,22.386674
25.738772,22.374052
22.985169,21.610746
21.092273,20.620846
20.597561,20.092432
20.638547,19.631801
21.010851,20.539243
22.283891,22.087668
24.71236,25.572521
27.973823,29.577694
28.374399,25.963086
28.395602,23.104621
28.210424,23.946029
28.797847,23.773265
28.15935,23.255462
27.749403,22.553955
27.956604,21.396963
28.271635,21.223646
28.78217,22.323009
28.337959,20.473802
26.635285,20.882657
25.754586,21.13096
24.11078,20.591594
23.176622,19.644254
20.369523,19.503476
18.947292,18.850619
17.919808,20.092095
17.277937,17.701261
16.56555,17.227231
17.148523,17.629377
17.936986,18.629288
19.025603,18.924369
20.742011,20.916683
21.059615,18.712523
22.471931,20.559847
24.09615,20.855428
24.016149,21.200453
25.244478,22.502224
25.689756,23.214802
26.212842,21.98598
27.441736,22.700008
29.091382,24.319319
30.370893,25.873024
29.043042,26.935399
28.355514,26.801426
26.592402,24.213596
24.923859,24.276215
21.45545,21.925058
19.535716,20.145335
18.768606,18.87913
17.839982,18.885489
17.577963,17.986416
16.988885,17.291255
17.302369,17.409182
17.866413,18.167745
19.066954,18.146245
21.133708,18.346742
22.648064,19.777305
23.367357,20.921154
25.791897,23.812395
29.455208,26.112009
33.307548,27.873937
35.207326,77.070545
39.119554,26.994139
41.678367,36.760745
45.208051,34.677183
48.150632,37.420244
44.035969,33.68723
41.547096,36.187459
37.804527,35.249829
34.461511,31.457293
27.59771,25.454654
23.684039,22.258168
20.237524,20.784128
18.661229,20.661085
18.177231,19.917281
17.742306,18.455046
17.893721,17.82701
18.31902,18.189104
19.297701,20.602512
22.206615,22.48476
22.590633,22.435828
23.918127,24.871901
26.389921,25.41935
29.242358,29.523528
33.811686,33.949733
35.429694,30.11322
36.713105,31.890573
38.084355,29.404393
42.515526,35.825236
45.088336,34.306295
37.259761,35.390344
33.590041,35.361382
33.292299,51.378833
31.365553,39.14273
26.123044,24.334285
24.111546,25.127378
24.061956,27.295682
21.636156,24.279373
20.757477,22.452539
20.512904,23.129313
20.133559,22.593946
20.191678,22.244397
20.144161,21.317334
20.606611,21.047399
22.744481,22.120228
26.121176,25.043696
29.669614,32.564373
32.603822,41.427488
34.514025,32.251698
38.039176,37.332292
39.340127,40.540996
40.91574,34.29051
43.182359,35.326284
48.003902,68.56381
43.444459,59.753563
40.294947,35.139681
37.172336,30.892874
35.780899,35.096756
30.419949,34.845407
27.994512,27.79639
25.511043,26.396163
23.35862,23.020658
22.027972,22.2856
21.552224,21.793359
21.082771,21.3357
20.999772,21.070062
20.021217,19.840055
21.345556,21.125609
22.527364,21.845688
25.759574,23.160623
30.584867,39.941166
34.325765,33.906521
38.410205,37.158869
41.223011,38.417516
46.554397,36.263718
51.455763,37.33438
60.133792,81.328644
70.799527,67.787502
62.097305,95.006916
52.906885,75.29476
47.447391,38.788927
44.184848,41.340314
34.969606,40.767032
29.922347,35.007712
28.307441,35.163349
25.7252,26.3306
24.875516,23.579856
23.419677,23.089509
23.332398,23.718094
25.080346,27.761829
26.616243,26.377207
28.797814,29.510276
31.185402,41.535943
36.464781,32.507434
41.177373,38.048302
46.37472,45.997497
50.129423,99.579829
55.382293,118.927611
62.229635,80.736924
72.998714,65.421552
86.433402,79.155666
93.376087,149.874776
67.516715,145.374942
51.686039,66.229377
44.333634,43.662123
40.143965,42.02273
35.204783,40.301785
31.602079,50.879446
31.712055,38.253744
28.16976,28.492099
25.865005,25.325565
24.087786,24.242605
23.945653,23.633709
25.291293,25.296975
27.288154,28.541412
31.406691,33.638166
36.628787,35.556952
42.811896,31.419442
47.969438,37.698228
54.432054,45.266065
59.372249,107.798975
68.59663,85.854432
77.517678,56.744234
92.662334,70.046446
112.890946,61.650557
114.217304,65.140677
90.42754,55.870188
66.004429,64.097885
57.16847,61.725365
49.333054,43.626442
43.585788,37.891699
38.596076,37.873878
37.391447,41.276435
31.715865,29.871019
27.150618,27.012289
26.146812,26.069412
25.746532,25.850642
26.857947,26.140269
29.289548,27.776817
36.071204,33.858438
40.792851,44.213993
44.971254,35.789047
50.902609,38.932551
59.199062,46.154657
64.006882,41.640729
72.550527,45.249279
79.586121,46.897609
95.471646,46.759581
108.294474,84.123929
105.774169,109.581444
82.13984,60.273269
67.726128,63.315054
58.571095,40.773357
50.71701,41.940036
43.185489,38.026055
37.356944,39.156259
36.070433,36.630665
30.718112,28.974883
27.596258,26.79268
26.461383,25.864307
26.412363,25.919622
27.259682,26.745312
29.053911,26.721302
32.234032,30.014454
35.895365,29.237777
38.691886,34.334203
43.542567,34.314916
46.863482,33.564415
50.98633,32.101371
52.115735,37.8417
54.192017,39.818463
53.397289,38.58069
53.538125,42.904748
48.216444,32.688516
43.440433,32.260945
41.580585,32.647287
38.633756,36.958874
35.593868,28.211313
29.980442,26.571066
25.870006,23.311658
25.940769,25.099732
23.568356,38.594851
22.476441,23.78515
21.69328,21.741959
21.506645,22.514287
22.871667,24.391688
24.156988,23.458275
25.872936,25.207871
27.651189,32.14446
29.480768,34.256207
30.099715,30.255029
31.39584,30.408978
31.990364,30.120956
32.647023,36.641649
33.781779,45.385082
35.036413,51.296402
35.330894,75.155396
35.316961,44.448024
33.090118,38.98564
31.625011,53.576324
29.122023,28.604506
28.364968,30.974416
25.776858,25.802667
23.243841,22.085234
24.433448,22.591627
22.952505,25.056015
21.166631,21.214205
20.025495,20.771988
19.28125,19.659324
19.344003,20.126314
18.900954,18.8607
20.599809,19.21629
22.668394,20.199198
25.598302,20.61283
25.408047,20.382858
26.768574,20.844984
28.160592,22.737187
31.775417,24.395549
34.855281,26.906291
34.809479,32.02398
37.368247,27.598855
39.190468,28.384842
38.788057,34.052003
37.73327,27.702343
34.586995,26.976141
33.013816,24.242245
27.75031,25.158226
24.517909,21.415557
22.047115,19.672093
20.578717,20.037584
19.502012,19.27324
19.061319,17.295537
18.204092,14.071037
18.259587,9.021171
17.386207,13.314881
19.358776,-16.565717
20.798278,12.680035
23.575769,19.423042
25.075319,21.499302
29.467237,24.85307
35.090633,41.296775
38.206812,46.184023
41.7166,31.385925
43.86881,40.436219
46.297482,36.175781
51.401676,36.47768
48.211153,39.120177
46.018569,33.649793
42.191277,25.724363
38.450984,27.037864
34.003397,27.715656
30.613602,25.684233
24.302729,22.750051
22.205082,23.1181
20.606982,21.507121
19.492016,20.19599
19.337019,19.944302
18.641832,19.522282
17.75235,19.781673
19.663936,18.537957
22.67415,19.914014
25.740493,23.81762
31.418925,29.288801
37.019953,52.340666
43.365976,43.094708
46.378127,38.458049
51.586207,48.206486
52.803592,60.715699
58.904991,108.365918
65.761528,57.676963
59.254625,178.43034
53.191264,51.454058
46.398502,40.31296
43.643969,38.724117
37.201102,33.571551
32.726957,34.251246
30.468729,31.156191
26.314753,23.82287
23.995811,22.928679
22.877696,21.918786
22.790271,22.700496
23.656789,24.751475
25.178316,24.671495
29.305047,26.158197
31.190451,31.765642
39.030487,33.461335
45.658555,33.629646
54.262676,39.521513
57.98552,39.926588
67.403161,57.422194
74.860563,51.993485
90.870524,53.287039
103.8496,45.024451
106.384041,43.946677
91.933573,41.797055
65.639012,44.597881
52.249358,46.859907
46.13823,48.419443
41.163898,36.817952
36.192281,35.380593
33.83412,30.337562
29.471381,26.425126
26.754443,23.411572
24.241217,22.637419
23.622138,22.537815
24.487811,23.590322
27.342075,25.790392
30.811994,29.354464
34.213309,36.185482
38.831745,37.192964
43.96521,37.410415
48.921439,42.601242
55.009387,51.14517
62.11772,57.82611
71.428489,47.450143
79.122746,45.489107
89.864557,45.028425
86.278912,45.833143
71.257308,42.96947
56.901378,36.67353
48.990087,40.701745
44.077635,42.23579
37.979643,39.706907
34.636747,37.25727
30.912548,33.461406
27.028918,26.541569
25.210352,25.53404
23.797904,24.615762
23.862852,24.417347
24.421482,25.699118
26.52454,30.406669
29.324753,31.828556
31.749219,31.527906
35.423104,36.514969
37.913518,35.662733
42.938131,36.249805
45.540782,40.089447
48.959893,40.263162
50.732753,40.79904
49.301073,36.406302
48.818794,50.179852
47.12911,33.375781
44.050116,32.818941
40.902909,32.97135
38.245492,30.118347
35.783319,30.321318
31.210039,28.728095
28.899803,24.840868
26.94986,25.021235
24.180746,24.31001
22.883816,22.57829
22.320367,22.396182
22.336998,22.562319
23.13387,23.862115
24.985742,24.810386
26.596135,24.788596
27.614005,26.039835
29.599146,29.654514
31.583473,98.532204
35.430652,33.4407
39.001697,42.347139
43.264412,37.914944
45.791885,43.751446
50.686313,87.02766
57.557929,35.906174
54.014992,41.37586
47.831008,36.999192
40.862203,32.068308
36.9835,31.123317
32.474216,34.588458
30.717959,30.748414
28.07315,24.540465
26.710289,25.177194
24.222474,28.952319
22.96561,23.776924
22.494801,22.877034
21.983974,22.445951
21.968447,20.785407
21.456318,20.21001
22.791109,21.763369
23.70389,23.384827
25.087506,23.389716
27.233692,25.088235
29.971325,29.60861
31.119459,31.023689
33.168025,30.014134
35.99314,46.394617
38.275939,31.17866
42.443058,31.137225
44.421994,38.391771
42.047107,30.210916
36.35803,30.01086
33.324159,29.855251
31.117015,28.450264
27.418105,25.980307
24.905683,25.823367
24.036193,27.200027
22.145023,23.129487
22.126169,22.78072
21.68453,21.858588
20.224556,20.576693
18.518191,20.885912
17.927546,20.070328
18.767281,20.761786
22.357481,21.563799
25.725098,23.224859
27.75495,23.593363
30.965332,25.59035
32.44866,28.275385
35.223472,55.078175
37.050848,29.268346
38.596153,32.519324
41.89122,31.510796
47.025597,36.59033
43.992526,45.574024
39.853344,41.436285
38.924431,36.470398
36.435594,36.837796
30.75539,27.675285
26.895613,26.406556
25.849886,26.391358
23.419168,23.99682
22.645107,22.88134
22.381274,22.54641
22.389513,22.516139
22.958361,24.690846
24.652802,25.357024
28.996772,24.983315
30.440386,31.509044
35.961574,31.631116
38.660354,40.61766
44.33944,34.973265
50.629206,37.722815
53.116151,51.312284
54.809788,72.554929
59.860478,78.347437
66.465927,48.974249
66.956095,35.425836
62.808736,36.619462
53.729181,34.947549
44.752726,33.592013
40.894212,34.41609
37.008868,34.356057
31.119123,26.093184
29.29693,26.757756
26.080659,24.661676
24.063095,23.483922
23.327148,22.560574
23.267789,22.399419
24.024608,24.407412
27.27569,23.670782
28.111268,23.527275
31.163329,29.193508
33.867974,29.275204
39.623152,32.075626
43.976954,37.951579
49.121188,32.789854
48.513324,33.483766
53.645899,53.647155
58.650457,55.320992
61.099612,37.555093
62.770133,61.497682
59.025984,37.618314
51.494003,37.997577
45.895912,35.412481
41.636447,34.096502
36.049298,31.350726
30.605387,27.342763
26.466503,25.30462
24.984284,24.725979
23.726479,23.315372
23.024717,23.037142
22.99995,22.646149
23.517047,23.618618
25.070963,24.135774
26.619742,25.032337
30.241993,28.62446
34.270535,37.567416
39.86205,33.760468
42.397379,36.016466
45.655072,34.52864
48.737036,40.628186
52.759905,35.422812
56.62117,47.060394
58.484328,46.06322
60.147258,36.751995
52.684426,37.538472
48.180422,35.843431
47.924747,34.906868
41.201756,38.677682
35.527304,32.723967
28.33045,26.353254
28.113628,24.605968
25.690219,24.213901
23.863221,22.830494
23.109688,22.011125
23.062588,21.942343
23.803069,23.332857
25.307883,23.567981
27.511786,23.841081
31.372488,25.786327
36.016287,32.658567
39.412025,36.60244
44.195664,74.380691
51.522406,33.658717
54.59386,37.289898
59.191291,47.140271
65.315422,57.67059
74.152448,60.738413
81.468511,42.187672
69.58148,46.903054
53.427785,45.355581
48.676112,41.903868
43.246176,42.405487
38.128047,36.0272
33.278851,30.48973
30.048241,29.332118
26.802223,27.773107
24.591358,24.451117
23.735857,23.992316
23.587918,23.682044
24.622262,24.783911
26.625923,24.516513
28.681716,29.161805
31.994394,31.888466
36.547284,35.335398
39.313841,38.552668
41.581409,35.745693
44.534697,39.5416
48.113473,55.689783
52.408524,39.750201
60.901262,41.389581
66.585319,42.026137
67.830724,41.823972
57.357098,40.773296
45.781969,37.842435
41.709823,44.906839
39.570459,42.419572
36.472493,35.062589
31.297595,29.358341
31.541992,29.470668
29.613459,28.071463
26.926141,30.128248
25.050003,26.627132
24.247411,24.563293
24.196242,24.442679
23.950385,23.729167
25.065636,25.690302
27.725431,27.380582
31.748451,30.114434
36.685296,38.97343
40.139461,36.229555
45.757329,59.65669
49.14158,53.375255
54.28405,37.276089
54.944626,35.323094
57.206674,36.56088
57.111338,36.025295
49.403787,37.272592
42.768738,42.868931
37.587853,36.998151
35.027701,30.375183
31.118044,25.742031
28.971236,26.79123
30.424694,25.378886
27.113179,29.158605
26.136318,28.441287
24.241951,24.252795
23.525057,23.816176
23.178618,23.334611
22.392295,21.76358
23.109243,22.245744
25.107209,23.001149
27.975158,24.092776
29.146084,23.878749
32.496791,26.406175
35.644256,30.650387
40.725123,46.765981
43.65799,34.143961
43.977783,34.381664
47.054148,60.11721
51.573336,54.47251
48.482955,251.917205
45.910729,35.633523
44.320395,34.311927
37.95913,34.674347
32.52872,27.354495
29.729018,24.463927
26.852466,24.298206
24.375023,24.371027
23.216498,23.531732
22.664126,22.49072
22.60023,22.163762
23.961184,23.532277
25.133976,23.813388
27.930954,23.735586
30.485283,24.721104
33.827011,32.237426
40.513474,30.376662
44.968271,34.933602
49.64455,35.798944
50.150894,37.075065
53.367344,43.047715
56.002917,57.618542
63.303368,103.470413
67.870645,88.374935
58.993577,78.932382
50.554908,45.695143
45.747459,65.566612
42.502855,40.664851
38.11479,35.74396
32.092634,26.637153
26.234658,23.209774
24.773399,23.348418
23.695241,22.388905
23.194007,21.445636
23.337386,21.896647
23.918919,22.317195
24.94159,22.951165
25.176248,22.781995
27.154662,24.114125
33.084884,26.618778
38.013068,36.436131
42.811879,33.484948
47.699958,37.499804
51.279415,37.526618
56.801552,52.871182
59.925053,71.910438
69.756766,98.626894
75.02735,67.079172
61.260638,49.088381
52.60222,37.730335
48.769186,35.888537
43.301942,36.085031
38.627197,30.393704
31.587529,29.218072
27.698955,26.113924
25.195128,25.200133
23.999304,24.087317
23.10638,22.832276
22.54916,22.433899
23.477309,23.751299
24.532039,24.071786
25.681972,24.265187
27.263485,25.094225
32.659896,29.297259
35.871361,30.06677
40.15099,37.181762
43.756771,34.611995
45.956362,41.070197
49.533094,37.281603
51.620089,47.329925
55.767987,39.122605
55.989397,45.836161
48.770592,45.195184
44.703641,40.332291
42.793813,36.365294
38.322253,33.945262
31.978152,24.975794
27.71603,25.263763
25.719282,26.817574
24.684329,27.627847
23.148016,23.266387
22.162949,22.385789
22.042299,23.176436
23.377871,24.266934
25.031481,25.019572
25.541643,26.692367
26.515913,28.591406
30.183115,25.849603
32.493853,36.440235
37.689167,33.792575
40.983518,36.89175
44.866337,42.606624
47.471156,49.440702
52.611289,45.066656
60.493289,53.117599
60.364978,43.234843
53.297021,47.830926
45.518877,52.050902
42.6348,36.507523
38.605712,41.345753
31.435011,32.859194
29.109605,27.688753
27.007392,27.408807
25.622419,28.42891
23.548489,23.89929
22.538245,22.236678
22.443833,22.427791
23.998385,24.875024
26.348487,26.3551
26.405961,25.522222
28.07021,27.58619
31.224046,29.920305
34.693058,35.381481
38.6619,41.290109
41.168301,40.649134
44.286607,48.46409
47.67792,46.800515
52.247955,45.042024
57.375042,46.917745
58.006997,49.360422
50.108329,42.244785
45.533034,41.779794
43.343013,37.322949
39.435441,36.710108
33.495303,33.113946
30.958554,28.825451
27.320684,26.425808
25.832838,28.634952
24.059673,24.654381
23.007697,22.934933
21.992673,21.394407
21.833363,21.724142
21.389555,21.222676
23.426863,21.447607
24.993385,22.561891
27.00301,23.972964
32.816191,28.650807
37.755743,39.72848
42.80695,46.195239
45.641012,39.264072
49.623704,40.999645
54.817571,37.797321
58.108087,40.751484
61.086635,39.554678
56.307447,38.167072
49.516066,34.740192
44.906851,34.441777
40.900883,30.993932
35.540692,28.556927
31.377891,28.308525
28.295676,28.101269
26.195483,27.795924
24.584701,25.301934
24.166108,24.519732
23.263763,23.554486
22.553751,23.546976
21.471789,22.579911
22.344273,22.785384
24.935124,23.585915
28.153304,24.211554
34.769908,27.217221
38.113024,38.822138
43.756316,45.316033
46.52616,78.021599
50.944704,53.980207
54.2396,60.292109
62.008728,84.951244
62.894703,67.977895
61.558871,70.591853
50.838686,50.950563
49.470548,50.705891
43.922854,52.922427
38.350092,36.999442
32.955152,36.312625
30.917784,31.986893
27.718571,29.3051
25.119588,25.416049
24.369939,24.288344
24.358964,24.186375
25.136387,26.774772
28.116033,26.307715
29.869173,26.384098
34.265422,34.942877
39.418368,37.573145
42.260106,37.236214
45.488222,45.989287
50.14257,42.273758
59.028949,53.564004
61.638751,64.013128
65.663716,59.669289
77.678881,158.800182
78.412499,65.411367
65.816515,49.482301
56.252402,47.859539
49.240584,37.011144
42.215396,35.356156
38.172182,39.59145
33.292127,31.981289
32.052549,27.909352
28.76589,25.851518
26.026784,24.90849
24.544298,23.555465
24.245004,23.436218
24.859123,24.158453
27.07276,25.080277
29.202928,25.372129
32.071037,26.063162
38.587408,35.564952
43.418535,33.256097
49.873154,44.866072
56.254601,37.399699
61.522507,41.320541
66.239822,42.530543
76.14251,54.474075
89.61461,66.913068
91.51628,80.463307
73.967124,50.28789
59.275931,42.428472
53.22089,39.758572
46.197461,54.793544
42.768336,39.22256
37.728206,32.030789
33.212502,32.94967
28.796069,30.627957
26.830772,28.062094
25.609523,26.376141
24.989542,25.949593
26.118326,27.233601
27.816654,28.748981
29.56304,29.942887
32.500806,33.988935
37.984101,34.985195
40.828976,35.551613
46.354958,39.750799
53.127098,40.374043
57.404522,47.260698
60.636048,47.81579
67.000043,50.217909
77.735293,117.521262
71.718917,70.51389
61.069165,56.304215
53.211361,44.015574
49.103544,40.823405
43.024985,46.754354
37.946324,43.095842
32.697015,32.499678
31.250297,31.92092
27.03814,31.319138
24.745835,27.182534
23.83467,26.222073
23.543022,25.232682
23.89395,26.792263
25.890325,33.281
27.804378,31.603442
30.415367,33.339502
33.518483,35.740438
38.971818,32.78482
43.673186,34.917893
47.397535,38.471763
50.185242,54.141911
53.813073,71.564895
56.898676,111.538244
61.236945,100.88619
58.780775,67.320243
49.919653,44.12781
46.697028,40.583209
43.012261,38.269919
38.712352,42.301411
33.202598,37.604453
29.754183,36.38303
31.07254,54.10863
27.255109,35.760516
24.988544,27.064649
23.960977,26.325022
24.018503,27.38052
24.917204,28.772915
26.90368,29.33927
29.973154,31.728611
31.716712,41.514027
33.883606,34.780049
37.248847,45.634055
41.410281,40.791608
43.806272,43.519817
45.133748,47.502522
47.416736,50.779979
48.37752,46.065745
52.619184,55.022215
48.390396,49.272611
44.888424,46.167327
42.236979,41.407935
40.115833,37.289583
34.819384,37.526856
29.907232,38.69953
26.616896,33.289283
28.355051,26.442753
25.723233,33.397101
24.3284,28.022908
23.194474,24.71124
22.729473,25.177954
22.094047,24.983822
21.859677,24.987937
23.371962,24.906978
25.11956,26.385415
26.162481,25.520092
28.194573,26.57242
30.361916,29.278625
31.619995,38.735634
36.294663,38.490743
39.213525,55.644634
40.878578,35.154512
45.82952,38.939483
49.489189,40.637266
45.798663,42.129127
41.836508,35.786683
39.392689,39.612362
35.133645,39.048681
29.646158,32.237614
27.465442,32.893913
25.863202,26.144754
24.908996,23.961459
23.641787,24.425911
22.933608,24.123281
22.063936,22.748175
21.038992,22.800336
20.420497,22.347253
21.087974,21.618173
24.3411,26.448754
25.952343,27.479048
26.915312,31.388612
29.273929,36.891085
32.049535,31.849864
36.589237,35.20327
37.487998,30.916916
38.748832,31.116216
39.893675,32.374703
40.944795,42.860935
40.91279,49.594948
39.11592,95.148512
39.960733,33.6648
36.748301,33.77222
30.5121,25.886306
27.921559,25.128532
25.678906,22.128246
24.040827,21.261622
23.422239,21.662378
22.437078,21.168842
22.711811,21.563034
23.870492,22.046682
25.927239,20.727997
26.187446,22.626828
28.941675,23.196485
30.776903,25.513677
35.875044,28.72867
37.670962,40.59629
39.46817,43.188881
46.61721,37.089245
48.557114,32.930328
51.465185,39.3386
53.009887,48.740922
57.661097,57.537801
52.7433,41.18193
47.211284,50.53348
44.240899,33.556748
38.001724,40.285037
31.611869,25.197183
29.343893,25.364918
24.622366,27.588601
23.570103,23.822173
22.196379,21.930792
21.529863,21.23219
21.48449,22.148319
22.974506,25.6735
23.836899,24.010477
25.892739,24.804769
26.211386,28.138888
28.76402,30.83983
31.828201,27.612923
34.538622,32.889893
39.370216,34.132032
44.674501,33.823803
46.922796,38.579913
50.104914,48.90484
54.146356,46.464361
55.58169,45.659724
51.042816,42.630654
45.884366,44.490531
43.123159,42.68
36.059273,38.403283
31.71786,34.734617
27.101651,35.822526
26.456424,27.006925
24.388518,24.252239
23.690942,23.712436
22.806208,23.410967
22.917003,23.368693
24.045473,25.040586
25.132371,25.33139
26.129752,26.704174
28.693043,31.905526
30.912312,29.360926
34.460739,29.895083
39.1203,31.773494
42.13531,36.524693
45.715377,34.177123
51.576287,39.270222
54.118457,41.261448
57.953975,43.072391
58.666774,47.867144
53.171744,50.156778
49.678082,39.948648
45.351074,41.466226
41.114581,40.171788
35.080047,34.722106
30.711129,33.250598
30.583126,29.410123
27.240558,29.697061
25.235895,25.567994
24.547304,24.902739
24.649278,24.916889
25.924954,27.612242
27.53463,28.426382
29.560372,27.280807
31.186012,28.361793
34.688276,60.033046
40.017087,34.699971
45.837609,50.255097
50.58035,36.600034
52.781765,44.952381
58.303875,43.761402
62.824107,58.547351
70.021881,62.492677
70.363908,113.479646
62.900794,82.675342
55.753204,42.549078
50.18521,39.901891
46.18419,44.590861
40.624417,40.042154
36.803639,35.882531
33.422582,29.890282
29.061804,27.307572
26.978597,26.111052
25.743429,25.497862
25.869632,25.62502
26.845724,26.123341
29.11558,26.673052
31.010939,25.939774
33.715506,26.780929
39.426767,48.597603
44.08656,40.337346
49.039793,40.406116
49.76113,42.844359
55.158498,70.717264
61.698546,54.757437
69.728998,65.208649
77.555163,74.69878
76.544887,80.654632
66.93224,70.378504
58.917663,45.016212
53.276712,57.728783
47.950399,40.11114
41.194452,36.365803
37.741977,31.713874
32.347982,32.875207
29.004313,26.717016
27.53175,26.300253
26.437405,26.195736
25.765297,24.735024
26.051282,24.74423
26.228411,24.516351
27.012733,24.711879
28.088082,26.015717
32.316218,29.448724
37.310132,37.008262
42.568733,36.500065
44.935318,38.132832
46.430619,38.126678
49.255045,41.897091
53.829066,42.695694
59.725593,37.079691
60.6879,34.87722
53.631555,35.17038
46.888565,34.918012
45.958782,32.851905
40.344599,29.157414
34.347981,27.713904
31.15844,26.125091
27.889151,25.406183
26.458447,25.787898
26.062008,24.801866
25.343449,22.682417
24.930722,22.30713
24.79543,22.3822
24.161259,13.615735
25.155939,19.876185
26.279664,21.5938
27.677021,23.839332
31.794425,26.504576
38.213351,34.124188
41.256057,38.586422
45.502451,36.146407
49.014321,49.31497
55.223145,39.458219
63.661636,42.929157
66.889714,68.536
61.897719,118.120588
50.632783,42.590674
47.677181,35.383037
42.135112,34.625766
38.788501,29.603183
32.296009,27.786582
28.74791,25.846374
27.177386,25.001817
25.158236,23.125318
24.780426,20.880195
24.841589,21.840466
26.158142,24.205956
27.176483,25.745966
28.701337,26.411092
31.443329,27.84633
35.070642,30.580306
40.266898,32.94405
46.272335,35.918009
49.691368,41.756462
58.271874,51.682536
59.990055,55.263217
68.502083,45.77083
73.448944,55.836583
76.542504,52.134427
65.325823,46.25382
52.748727,34.481434
47.292966,47.499657
41.267435,35.881901
38.733937,31.645364
33.430576,29.167203
30.598035,27.622522
27.928699,27.940844
26.511151,26.338918
25.444197,25.49975
25.441186,25.480135
26.582459,28.359591
28.262261,29.832331
29.836617,28.938773
32.356252,30.431306
37.247428,32.840537
40.875668,38.076888
46.368426,55.37828
53.440952,75.591001
58.239172,46.733776
64.189966,47.210771
68.018719,78.985392
76.626411,90.139348
77.386436,51.394442
64.154798,39.79486
53.834691,40.429901
50.05274,43.360835
42.96872,37.503917
40.470234,32.628222
35.21918,30.052144
33.542317,29.681722
31.934557,26.025679
29.150136,25.159592
27.423119,22.112014
27.480668,22.288336
29.618288,25.057832
32.010219,26.819664
32.574025,29.861869
35.005513,32.845038
38.614421,34.394486
42.069502,37.760022
47.760515,36.895346
54.967127,40.099912
60.636882,42.494529
69.543161,49.403735
79.774174,65.615003
92.447395,51.899602
89.659485,45.257634
74.837443,42.547473
61.833845,41.873294
52.806094,37.82433
44.772399,36.924106
41.706972,30.718158
37.851912,29.708153
34.841456,26.881756
31.932377,25.739684
28.345142,24.31888
27.243371,22.817502
27.187245,22.475087
28.463229,25.374468
31.261956,26.210039
33.354821,27.269248
34.943785,27.904797
40.159944,32.936267
46.667959,34.564148
51.635658,37.546446
58.259382,42.373061
68.412212,43.265295
85.796375,52.479247
105.083977,88.902923
118.6115,87.533013
112.612741,86.78784
94.156409,75.655784
66.99526,48.972652
55.790514,47.136227
51.650901,39.505412
44.29484,35.696159
39.528408,32.491806
35.16258,34.295606
33.038959,32.850906
29.945273,29.66844
28.378009,27.602606
27.832022,26.80984
29.643161,28.487439
31.175752,30.591569
33.28539,34.784675
36.610824,34.681831
39.952424,37.332525
42.878022,38.953739
49.289145,65.521961
54.266162,47.980667
60.85672,58.058355
67.956006,79.718368
78.18672,73.7482
83.91832,51.983206
75.277836,55.043699
65.223154,41.406803
52.068271,43.87519
45.88082,47.569457
41.448858,42.466191
37.843959,33.939691
33.690274,32.413498
34.003008,35.514749
31.531465,31.316204
29.086389,29.997282
27.39905,28.196276
26.344848,26.542491
26.181637,26.448707
25.88262,26.207779
26.320041,26.065143
28.50544,28.968174
32.136118,33.300645
35.494199,37.657701
40.587683,33.887232
43.404707,37.077218
45.409672,38.198808
49.519474,52.505524
54.426663,59.741704
58.47414,171.49118
52.400704,64.366615
44.78532,52.832711
39.642667,46.378217
38.024214,40.831295
34.085014,39.362208
31.468972,31.316155
28.251647,31.025433
27.623383,28.995246
25.70871,27.451692
25.004462,27.17726
24.628262,25.567006
23.906232,24.45689
23.908992,23.954585
23.236316,23.111114
23.762299,23.197526
24.65101,24.221746
25.894219,24.537384
26.960793,25.153269
29.517759,25.972688
32.380071,29.986044
33.091669,33.160921
34.696931,35.465414
35.105143,36.104887
37.401778,39.882596
39.475677,41.922337
37.116219,38.420808
35.745649,37.702667
35.29086,36.863929
32.94765,34.787512
28.10792,29.540355
26.834041,32.17028
26.685706,32.667802
25.51966,27.534557
24.737975,25.64095
24.345431,25.548997
24.525007,26.376067
25.435466,28.664966
26.639212,30.348176
29.217506,35.224485
31.006654,35.053779
33.223685,35.165523
35.27688,34.231502
36.799928,36.608738
38.82748,38.597325
41.386837,38.430866
43.235829,36.565613
45.086118,38.65191
49.041639,39.691208
48.995622,51.393371
43.621286,45.130373
43.373094,39.600555
42.476914,40.264418
37.08,35.484762
33.533317,34.294715
29.415397,33.344309
30.264102,28.110349
27.694125,29.555078
25.841183,27.049262
25.194386,25.646304
25.214834,25.914654
26.657324,32.730741
29.730894,35.352938
31.187407,33.217499
32.043614,36.113518
34.507046,40.970819
37.481922,63.958658
41.594789,64.916183
43.411328,41.025682
48.871482,72.146735
48.963598,42.347073
54.43106,58.72491
63.902143,53.01951
60.259064,52.927857
51.920887,41.544074
49.785691,41.646335
47.807911,44.613256
39.42895,42.301048
36.400238,43.508481
33.4286,43.157101
32.858983,52.818325
29.519599,32.886247
26.768935,32.298884
25.801894,29.819522
26.032363,31.482568
27.95107,43.885795
32.092526,34.241019
33.828065,37.064665
34.845873,41.56588
37.671051,46.517138
39.859594,54.91593
41.550677,53.669217
44.926505,65.961088
49.492347,57.844476
52.265308,53.388816
57.370402,60.404434
65.919846,57.088281
64.610757,77.599298
54.435534,47.171534
50.108098,42.573919
47.069523,47.927731
39.154778,43.602202
36.750658,39.141743
33.371843,40.274913
33.334086,47.966394
30.688871,40.307631
27.942928,31.430902
27.027664,28.469608
27.024567,29.075843
29.138127,36.761098
32.868996,35.326229
35.167702,36.338609
36.553276,37.293194
39.812925,41.821479
42.448461,85.681698
47.200246,42.60807
51.230525,48.659398
64.452745,74.128751
68.231578,63.699024
74.603907,73.003988
86.375757,167.1241
77.040915,254.020184
62.878924,165.992186
56.728471,67.613871
50.633501,43.297268
44.475488,38.31277
38.549773,34.70003
35.074574,35.263032
35.874958,37.907456
32.986476,39.774238
29.75518,31.331506
27.976448,29.484148
27.984698,29.47568
30.633136,32.624287
33.266613,38.727107
35.130707,35.844897
36.91656,38.690891
39.747527,36.446032
41.650772,39.728899
46.767345,39.727055
50.661115,40.641723
53.887672,50.484138
56.001527,74.311791
61.686128,89.913913
66.642183,441.509776
63.137525,144.804667
56.760579,119.855103
53.95062,46.068996
46.508904,42.684858
39.952204,38.280917
37.017809,36.790832
34.267458,36.06566
32.850094,41.345124
29.010775,31.742813
27.073876,25.966379
25.630678,25.402828
25.029416,25.520859
25.031475,25.73699
25.230565,25.775039
26.718618,25.723088
29.72401,29.62515
33.719017,43.047236
37.74607,39.576375
40.252878,105.66558
44.364042,77.260168
48.233634,41.125771
49.70667,42.662244
53.82307,44.129008
63.963116,54.310233
62.660255,48.855885
53.514415,131.317543
46.834512,43.857234
44.108323,41.642335
40.25938,36.731294
36.548624,43.46152
34.05086,38.117386
32.092313,33.164362
29.059624,29.527935
27.303301,28.82217
26.10398,26.151009
25.552347,25.822118
25.393366,25.537075
25.176136,24.646164
25.420553,22.329985
27.256935,22.986464
30.370851,25.966985
36.123129,32.203485
39.198851,39.429763
43.347192,40.615176
49.293863,39.092218
53.450655,38.501926
61.744457,40.71318
67.142148,40.180166
68.45602,48.83565
61.210062,47.581531
50.36393,45.000792
47.896562,58.495212
41.36933,37.731117
36.849011,33.859656
32.114403,32.590545
28.93323,29.91565
26.725692,26.567103
25.43523,25.308201
24.856493,24.986738
24.994891,25.462738
26.044141,27.058803
28.724663,28.563028
32.024894,29.485093
35.034825,33.303277
39.409679,38.475853
43.845585,48.409323
51.39145,127.432273
59.250975,51.374734
64.709522,110.574692
68.059176,71.36497
81.384806,95.334187
89.16835,213.395529
90.278899,259.587909
78.864275,149.388823
63.202053,67.19092
58.20509,52.159477
48.655212,48.67905
41.496562,35.941586
35.398459,33.286944
32.75298,31.745844
30.48159,30.427549
26.884126,26.222183
25.828558,25.002261
25.720913,25.195696
26.78203,27.187305
30.940263,30.65247
32.321218,31.192995
35.809088,35.297792
40.614572,52.533509
44.576821,151.933931
53.367674,118.181466
60.26455,61.368863
63.645195,86.102617
70.658132,74.041868
88.262977,172.562482
102.413093,243.92306
100.571279,315.466578
83.490461,109.779945
63.791621,52.150161
60.204148,52.518235
47.48334,45.692956
42.341301,42.999184
36.210077,36.351267
36.09403,35.853215
32.573627,28.850692
29.614574,29.059295
27.58881,27.213354
27.356712,26.932868
29.116927,28.187394
32.740763,30.999501
38.746851,32.349963
40.285386,34.150074
46.949468,33.688754
57.991897,48.883197
66.612717,43.803929
79.736352,47.502783
94.933416,50.700894
114.884431,65.610676
145.38307,61.596399
158.815488,76.58628
153.90385,57.93718
127.697939,51.585857
82.21861,53.084354
76.763455,44.685372
55.799711,36.638977
48.15188,32.838108
39.553553,30.671694
,33.605181
,31.31937
,27.33275
,26.625379
,26.257871
,28.205998
,34.201531
,31.962463
,35.412153
,39.390736
,37.026754
,60.71934
,62.605784
,52.659391
,78.890266
,107.721313
,106.735164
,67.169555
,57.437196
,49.462348
,48.823059
,43.579881
,39.820374
,40.668622
,34.812906
,32.357559
,29.229861
,27.31894
,27.321461
,31.380988
,36.814447
,39.207621
,42.708769
,40.337713
,45.694642
,60.000026
,65.682979
,56.824294
,114.824146
,75.324258
,78.002604
,65.492622
,51.57694
,59.7932
,55.663729
,45.011887
,44.916341
,39.031233
,38.408925
,35.016378
,36.070955
,29.448321
,29.758012
,30.529925
,32.351884
,29.719378
,37.386394
,41.888953
,41.784564
,64.135951
,72.116252
,100.453771
,76.862749
,68.309163
,56.764795
,102.876959
,59.088233
,63.14351
,63.07468
,59.131593
,50.603338
,42.568034
,34.733023
,31.859143
,29.959699
,29.715281
,28.358999
,27.750365
,27.697699
,26.978421
,28.17908
,34.911378
,35.352802
,61.078026
,45.587497
,43.54074
,42.651139
,46.855939
,45.770477
,69.33479
,284.564535
,68.160893
,51.863779
,44.227551
,42.589937
,34.848692
,33.424903
,29.665195
,28.532296
,27.425992
,27.667164
,30.365597
,36.837959
,35.10854
,39.87775
,40.560154
,42.807511
,44.88683
,51.414646
,51.864537
,67.9899
,86.830694
,59.995742
,68.269166
,55.706437
,48.340747
,47.256766
,47.988685
,40.414892
,32.753573
,31.9975
,30.843333
,29.400833
,27.59
,27.595833
,30.534167
,36.695833
,34.7975
,34.400833
,37.334167
,38.150833
,39.631667
,45.62
,43.273333
,43.3425
,44.804167
,43.210833
,41.2175
,41.545833
,55.145833
,46.698333
,34.8625
,33.980833
,30.349167
,29.990909
,30.089167
,29.439167
