dap,target,,
77423,76107.943,,
76402,75438.409,,
76368,75438.569,,
77364,76385.233,,
79999,79226.289,,
85843,84379.842,,
93093,92412.324,,
98177,98765.195,,
98763,100261.174,,
97250,99129.39,,
98136,97526.104,,
96198,95529.884,,
94213,94316.483,,
92020,92945.268,,
90251,91425.291,,
88991,90158.848,,
89226,90665.921,,
90802,92599.649,,
95793,94831.144,,
98180,97495.127,,
97179,97600.456,,
93089,94531.907,,
88200,89781.207,,
83952,85107.625,,
82187,81643.404,,
80043,79611.001,,
79742,78789.702,,
80167,78868.418,,
80814,80213.949,,
84673,84377.145,,
91326,90799.048,,
96918,96232.485,,
98794,97977.625,,
98826,98001.264,,
98303,97415.058,,
97314,96590.452,,
95101,95553.074,,
94985,94357.505,,
93526,92641.419,,
92241,91448.524,,
91569,91011.259,,
93199,91554.889,,
92740,91926.499,,
95051,93296.98,,
94257,93463.517,,
91286,90344.442,,
87360,85664.623,,
82390,81132.32,,
78285,77709.733,,
76446,75933.578,,
75907,75055.465,,
75885,75033.221,,
77660,76737.925,,
81877,80833.683,,
88500,87657.193,,
93271,93072.104,,
95315,94890.597,,
95243,94732.309,,
94097,93651.821,,
92721,92009.539,,
90992,90471.232,,
89203,88746.861,,
87931,87482.428,,
86621,86221.92,,
86686,86099.835,,
87807,86432.446,,
89605,87306.154,,
89641,89063.677,,
89516,89196.813,,
87094,86236.607,,
82445,82006.153,,
78109,77664.279,,
74722,74207.7,,
72617,72266.184,,
71858,71322.331,,
71745,71159.49,,
73112,72541.681,,
77176,76338.208,,
83061,82990.876,,
89038,88720.415,,
91612,91120.787,,
92195,92265.971,,
93533,93247.206,,
93911,93445.173,,
93525,93013.942,,
92633,92236.773,,
91359,90962.481,,
90229,89767.706,,
89835,89394.781,,
90814,90074.979,,
90744,90244.265,,
92196,91349.905,,
91246,91053.728,,
89004,88448.929,,
84125,84285.364,,
79944,79987.126,,
75654,76931.004,,
75721,75362.828,,
75512,74865.6,,
75925,75156.605,,
77809,77193.397,,
82391,81828.251,,
89567,89436.219,,
96060,95298.51,,
98175,97269.593,,
97672,96726.154,,
95748,94955.838,,
94301,93212.498,,
91456,90868.705,,
89521,88805.569,,
87117,86238.185,,
84814,84039.963,,
83365,82842.744,,
83628,83174.418,,
87333,84865.91,,
88619,88234.144,,
91531,90778.888,,
89592,89958.169,,
88195,87341.194,,
84968,84195.562,,
82334,81631.571,,
80913,80273.805,,
80507,79937.674,,
80816,80234.961,,
81664,81358.746,,
84352,83601.565,,
87791,87210.948,,
91082,90531.694,,
92159,90832.471,,
87967,88132.004,,
85513,84694.738,,
82294,81331.818,,
78946,78277.099,,
76127,75420.95,,
73985,73075.553,,
72428,71787.555,,
72588,71758.045,,
73616,73110.022,,
75412,74820.634,,
78681,78071.239,,
82671,80880.74,,
81269,80348.55,,
79463,78653.64,,
77261,76316.677,,
75383,74621.523,,
74376,73812.132,,
74359,73701.446,,
74601,74101.705,,
76081,75332.711,,
77764,77200.843,,
80811,80233.615,,
82356,82757.164,,
84056,82817.244,,
81248,80155.75,,
77788,76624.747,,
75245,74458.903,,
73692,72375.912,,
71322,70500.325,,
69331,68735.036,,
68914,68335.604,,
69762,69224.92,,
71831,71196.742,,
73950,73262.481,,
76916,76621.292,,
80503,79523.825,,
78618,77852.034,,
75840,74956.21,,
72852,72053.91,,
70537,70077.391,,
70133,69431.18,,
70280,69676.544,,
71185,70740.093,,
73809,73456.303,,
79356,78736.322,,
87488,86642.511,,
93133,92067.149,,
92465,91634.981,,
89397,88164.091,,
86088,84858.482,,
83388,82648.404,,
81609,80983.309,,
80179,79676.612,,
78913,78437.027,,
77733,77506.557,,
78130,77532.975,,
79147,78576.78,,
80153,79601.609,,
82488,82046.513,,
84355,83521.805,,
82103,81034.745,,
77551,76801.522,,
73537,72767.524,,
70547,69936.019,,
69341,68598.765,,
68795,68165.586,,
69247,68730.564,,
71113,70715.337,,
75566,75131.575,,
82784,82236.266,,
87784,87276.769,,
88413,87787.872,,
87252,86390.857,,
85009,84265.156,,
83155,82582.769,,
81745,81172.946,,
80777,80367.593,,
79939,79420.021,,
79394,78777.248,,
79652,79181.645,,
80880,80146.962,,
81545,80983.754,,
83466,82981.881,,
84527,83651.483,,
81607,80831.032,,
77069,76265.043,,
72380,71719.404,,
68983,68333.005,,
66868,66405.258,,
65663,65231.076,,
65332,64895.122,,
66603,66094.787,,
70199,69503.51,,
76949,75875.23,,
81576,80956.269,,
83573,83188.274,,
84529,84006.508,,
85006,84422.163,,
84841,84758.277,,
85257,84669.18,,
85256,84610.177,,
84983,83917.243,,
83846,83092.242,,
83656,83109.826,,
84124,83362.041,,
85309,83082.635,,
84837,83642.005,,
85043,84055.397,,
81939,80999.587,,
77386,76323.07,,
72589,71653.749,,
69002,68247.541,,
66977,66089.32,,
65651,65000.866,,
65250,64604.108,,
66562,65980.316,,
70456,69652.728,,
76790,76003.045,,
82028,80873.406,,
83671,82589.929,,
84051,83115.823,,
84152,83098.083,,
83619,82880.126,,
83484,82597.47,,
82881,82017.176,,
82146,81308.607,,
81228,80494.163,,
81027,80239.73,,
81584,80862.2,,
82435,81467.068,,
83837,82993.182,,
85029,83418.062,,
81431,80813.763,,
77083,76319.546,,
72686,71898.299,,
68899,68179.443,,
66494,66035.984,,
65163,64661.186,,
64790,64299.249,,
65846,65212.193,,
68972,68401.718,,
74641,74059.196,,
79722,79036.477,,
82086,81325.881,,
83383,82589.593,,
83652,83141.162,,
83580,82869.036,,
82634,82087.999,,
82371,81875.544,,
81960,81090.984,,
80877,80347.983,,
80890,80477.752,,
81595,80677.723,,
81772,80571.313,,
81120,80992.714,,
82955,81453.6,,
79974,78695.737,,
75815,74648.792,,
71894,70499.979,,
67952,66973.043,,
65518,64726.893,,
63874,63228.982,,
63402,62776.419,,
63506,63027.361,,
65311,64753.935,,
68146,67688.042,,
71082,70487.75,,
73299,72560.03,,
73720,72975.464,,
73621,72866.68,,
72572,71952.455,,
71911,71250.955,,
71149,70631.247,,
70580,70000.079,,
71121,70141.89,,
71856,71062.396,,
73524,72331.378,,
73974,72979.279,,
75011,74099.729,,
76037,75276.68,,
74416,73255.783,,
71397,70360.643,,
67834,66880.26,,
64402,63864.841,,
62528,61810.197,,
61393,60758.159,,
60802,60012.962,,
60996,60074.639,,
61455,60888.888,,
63303,62775.956,,
65676,65189.236,,
69094,68354.283,,
72218,71466.091,,
74131,73526.335,,
75264,74655.331,,
75857,75149.389,,
75614,74864.127,,
75138,74453.001,,
74965,74420.71,,
75676,75254.775,,
77867,76893.143,,
79342,77998.835,,
80302,79286.681,,
81472,80462.16,,
78623,78484.294,,
75635,75336.247,,
72224,72018.926,,
70577,69753.595,,
69021,68580.698,,
69034,68534.425,,
69451,69039.373,,
71413,71351.637,,
76187,75898.101,,
83850,83465.544,,
89610,88839.417,,
90547,89826.143,,
88983,88343.1,,
87110,86508.912,,
85000,84481.625,,
83316,82736.821,,
81944,81239.148,,
80121,79338.142,,
78703,77997.951,,
78344,77798.415,,
79389,78602.31,,
82479,79821.06,,
82426,82128.922,,
85712,84661.639,,
83067,82913.622,,
79642,79245.33,,
75525,75650.242,,
73662,73087.612,,
72225,71690.918,,
71632,71188.599,,
71865,71603.858,,
74640,73798.983,,
78641,78181.124,,
85877,85238.291,,
90195,89410.18,,
89010,88240.968,,
85931,85144.385,,
83656,82728.486,,
81576,80905.381,,
80219,79742.108,,
79268,78644.774,,
78340,77559.226,,
77564,76995.066,,
77782,77228.222,,
78727,78285.059,,
80677,79191.758,,
81830,81083.732,,
83638,82785.676,,
80701,80233.644,,
76499,75703.653,,
72253,71200.932,,
68420,67925.732,,
66398,66010.017,,
65493,65000.631,,
65137,64782.147,,
66798,65949.984,,
69742,69874.618,,
76200,75766.894,,
80629,80045.573,,
82679,81945.981,,
83242,82749.23,,
83778,83365.795,,
84049,83541.576,,
84341,83763.486,,
83868,83662.043,,
83931,83225.722,,
83074,82587.06,,
83406,82750.559,,
84238,83642.936,,
84751,84155.085,,
85885,85081.547,,
85991,85521.854,,
83823,82984.419,,
79700,78961.33,,
75001,74807.417,,
72673,72232.022,,
71120,70236.642,,
70100,69624.86,,
70494,70116.873,,
72398,71785.45,,
76886,76343.866,,
83549,83301.407,,
89557,88789.644,,
91884,91086.655,,
92210,91559.663,,
92237,91457.899,,
91513,90829.369,,
90261,89627.957,,
88877,88469.591,,
87841,87233.663,,
87355,86771.922,,
87813,87221.914,,
88935,88470.624,,
91213,89821.193,,
93532,92257.956,,
94913,94497.012,,
92730,92758.634,,
88778,89059.21,,
84998,85155.639,,
82429,82332.389,,
81481,81075.544,,
81497,80676.493,,
82303,81234.217,,
84751,83024.665,,
89741,86944.707,,
96658,92610.902,,
101176,96073.859,,
101030,95586.761,,
98909,93730.323,,
92819,92204.589,,
91164,90252.438,,
88770,87929.233,,
86419,85699.952,,
84104,83441.999,,
82009,81294.114,,
81196,80564.431,,
82446,81064.741,,
83842,82473.693,,
86878,85381.843,,
88993,88514.704,,
88875,87786.767,,
86317,85522.549,,
83327,82580.777,,
81080,80318.449,,
80314,79018.789,,
79459,78727.471,,
79744,79119.565,,
80822,80295.648,,
83024,82382.567,,
86278,85564.641,,
88502,87902.312,,
88006,87178.05,,
85462,84667.448,,
83187,81587.071,,
79519,78937.233,,
76846,76159.618,,
74192,73520.415,,
72357,71330.659,,
70669,69990.178,,
70512,69927.491,,
72054,71299.204,,
73701,73030.96,,
76084,75579.146,,
79314,78453.917,,
78718,78111.231,,
76576,75841.4,,
73636,72834.593,,
71024,70259.795,,
69081,68403.425,,
68533,67735.651,,
68091,67335.661,,
68391,67838.801,,
69493,69213.225,,
71977,71508.258,,
74089,73446.727,,
75797,74782.479,,
75341,73975.978,,
72703,71849.965,,
70847,69899.992,,
69018,68497.222,,
67603,67029.965,,
66762,65955.816,,
66133,65664.334,,
66840,66047.206,,
67748,67190.466,,
69245,68610.926,,
70882,70535.251,,
74264,73499.343,,
73310,72462.171,,
70442,69609.568,,
67257,66418.392,,
64754,63983.276,,
63642,62899.842,,
63594,62732.206,,
63966,63311.747,,
65919,65294.144,,
70106,69767.283,,
76758,76236.692,,
81378,80730.696,,
82052,81551.92,,
81352,80635.189,,
80754,79980.135,,
79832,79252.905,,
79000,78686.2,,
78844,78412.273,,
78406,77765.523,,
78107,77517.799,,
78474,77930.128,,
79526,79002.233,,
80358,79823.306,,
81401,81184.76,,
83582,82554.047,,
80862,79856.851,,
76626,75224.064,,
71443,70608.158,,
67635,67025.095,,
65433,64909.208,,
64526,63990.414,,
64198,63711.616,,
65391,65133.606,,
69227,68858.811,,
75798,75326.091,,
80560,79406.36,,
81706,80444.194,,
81473,79877.696,,
79955,79428.728,,
79923,79369.488,,
79913,79352.184,,
80412,79646.331,,
80220,79846.826,,
80642,80077.266,,
81267,81064.203,,
82719,81894.748,,
83582,82481.487,,
84045,82983.045,,
83971,84300.204,,
82070,81576.1,,
77367,76632.909,,
72519,71581.079,,
68152,67392.731,,
65598,64895.505,,
64289,63679.164,,
63695,63068.415,,
64778,64150.059,,
67716,67496.882,,
73937,73529.56,,
78331,77476.561,,
81534,79434.051,,
81565,80220.516,,
81750,80793.665,,
82307,80959.652,,
82399,81668.527,,
83175,82328.805,,
83880,82882.724,,
84196,83557.769,,
85276,84351.635,,
85891,84882.231,,
85516,84947.507,,
85395,85030.925,,
88458,85881.815,,
84587,82791.403,,
78243,77554.612,,
73205,72261.681,,
68713,67827.445,,
65821,65102.056,,
64225,63563.442,,
63631,62911.573,,
64562,64051.738,,
67939,67183.742,,
74121,72867.197,,
78445,76847.146,,
79585,78524.074,,
80444,79048.535,,
81193,79693.101,,
81730,79988.779,,
81357,80524.815,,
82019,80899.256,,
82448,80874.083,,
82759,80869.978,,
83476,80848.737,,
84237,81557.278,,
83161,81335.942,,
84568,81721.011,,
84988,82648.473,,
80943,79712.755,,
76123,75097.572,,
71384,70293.527,,
67211,66521.256,,
64732,64133.264,,
63447,62802.459,,
62804,62284.087,,
63662,63220.635,,
66890,66542.869,,
72497,71891.738,,
77451,76455.018,,
79535,78752.99,,
80582,79922.166,,
81314,80553.011,,
81408,81119.638,,
81348,81357.607,,
82145,81697.99,,
82182,81386.336,,
81466,80661.802,,
81184,80556.374,,
81112,80558.442,,
80473,80068.926,,
80628,80083.456,,
81283,80113.876,,
78741,77945.536,,
74486,73735.098,,
70456,69511.22,,
66367,65742.508,,
63993,63227.343,,
62446,61728.173,,
61530,60923.165,,
61832,61150.046,,
62999,62282.234,,
65193,64696.197,,
68421,66827.278,,
70874,69821.672,,
72482,71754.776,,
73447,72896.664,,
73786,72955.726,,
73518,72970.549,,
73279,72602.284,,
73228,72585.925,,
73554,73021.187,,
74545,73866.112,,
75508,74897.728,,
76117,75339.641,,
76332,76072.293,,
78003,76946.276,,
75592,74879.718,,
72525,71425.354,,
68554,67531.312,,
64743,64047.797,,
62494,61670.469,,
60838,60208.878,,
60128,59425.792,,
59875,59273.571,,
60740,59919.215,,
62224,61524.131,,
64338,63107.067,,
67074,66256.697,,
69770,68928.304,,
71533,71000.515,,
72935,71926.475,,
73193,72704.986,,
73424,72984.594,,
73681,73045.238,,
74083,73605.929,,
75072,74533.973,,
76745,75940.792,,
77563,76585.904,,
77871,77520.4,,
79432,78647.367,,
76979,76363.286,,
73477,72157.142,,
68686,68054.804,,
65904,64947.738,,
64253,63119.147,,
62792,62144.868,,
62431,61915.673,,
63901,63404.836,,
67484,67246.245,,
74244,73835.843,,
79072,78601.575,,
81668,80943.242,,
82496,82023.905,,
83172,82923.28,,
83356,82758.519,,
83481,83041.448,,
83156,82682.49,,
82223,81798.371,,
81214,80778.655,,
81109,80655.556,,
81712,81265.985,,
82617,81571.585,,
83107,82055.209,,
83354,82857.236,,
80595,80488.263,,
76803,76021.377,,
72346,71581.063,,
68858,68260.348,,
67114,66336.885,,
65794,65376.302,,
65642,65238.071,,
66997,66752.841,,
70920,70631.198,,
77327,76888.574,,
81484,80861.461,,
82953,82013.268,,
82027,81898.217,,
81291,80871.719,,
80866,80211.386,,
79574,79189.097,,
79041,78466.933,,
78307,77755.882,,
77802,77088.912,,
77774,77268.754,,
78807,78001.241,,
79649,78909.545,,
81123,79808.107,,
82334,81751.26,,
80173,79517.323,,
75978,74884.232,,
70844,70241.372,,
67528,66919.749,,
65452,64895.116,,
64569,64094.397,,
64643,63984.601,,
65768,65514.045,,
69767,69324.105,,
75779,75387.143,,
80539,79292.256,,
80809,80319.463,,
80622,79876.01,,
80317,79756.79,,
80364,79799.744,,
80883,80306.372,,
81077,80580.927,,
80589,80079.566,,
80018,79630.649,,
80055,79780.379,,
80713,80175.85,,
81330,80574.217,,
81732,81339.013,,
82411,82344.464,,
80888,79972.352,,
76319,75498.776,,
71641,71213.108,,
68547,67805.028,,
66486,66061.844,,
65413,65007.454,,
65618,64941.261,,
66666,66363.005,,
70475,70111.951,,
76767,76375.44,,
81490,80737.526,,
83337,82785.869,,
84104,83404.221,,
83716,83381.665,,
83695,83134.167,,
83067,82607.449,,
82647,82050.896,,
81563,81205.648,,
80387,80157.307,,
80636,80234.754,,
81259,80864.019,,
81533,81106.861,,
82402,82229.751,,
84113,84075.492,,
82493,82107.956,,
78136,77703.54,,
73708,73578.53,,
71241,70670.63,,
69492,69114.234,,
68740,68587.404,,
68865,68718.704,,
70486,70377.157,,
74675,74630.795,,
81302,81115.272,,
85837,84924.86,,
86783,85241.02,,
85953,84683.719,,
84795,84249.405,,
83414,83750.798,,
82885,82972.383,,
81516,81622.498,,
80801,79843.885,,
79475,78614.648,,
78906,78027.006,,
79346,78284.765,,
79363,78733.146,,
80116,79720.984,,
81451,81211.696,,
80067,79932.002,,
76900,76419.312,,
73278,72615.326,,
70033,69502.628,,
68163,67705.313,,
67305,66953.151,,
67080,66854.335,,
67966,67465.555,,
69588,69352.496,,
71942,72059.668,,
74872,74018.373,,
76868,75131.293,,
76943,75301.554,,
75616,74978.746,,
74540,74118.32,,
73287,72923.117,,
72090,71927.743,,
70858,70870.008,,
70786,70721.674,,
71478,71181.467,,
72688,72232.208,,
74045,73099.621,,
75678,74199.184,,
77342,75935.539,,
75337,75113.667,,
72868,72526.659,,
70432,69274.319,,
67190,66636.429,,
65222,65042.838,,
64767,64230.763,,
64475,63999.97,,
64968,64537.443,,
66159,65948.341,,
67981,67782.167,,
69547,69326.822,,
71260,70031.043,,
72412,69603.863,,
71559,68888.919,,
69569,68617.072,,
68678,68461.722,,
68412,68243.706,,
67904,68065.546,,
68281,68535.641,,
69519,69528.363,,
71714,71103.249,,
73187,72219.29,,
75182,73627.088,,
76901,76139.736,,
75368,74807.882,,
72189,71338.565,,
68878,67765.447,,
65928,65322.894,,
64516,63967.036,,
63850,63496.468,,
64201,63975.434,,
66078,65845.481,,
70462,70290.158,,
77085,76727.797,,
81928,80946.089,,
82937,82191.747,,
82414,81729.933,,
81811,81508.634,,
81086,81740.302,,
80247,81865.237,,
80996,81257.328,,
81288,80294.49,,
80277,79020.515,,
79900,78634.021,,
80618,78812.902,,
80736,79081.444,,
81643,79999.593,,
81839,82070.225,,
79571,79986.238,,
76124,75635.028,,
71893,71335.841,,
68318,68235.216,,
66595,66530.722,,
66302,66106.435,,
66336,66425.156,,
68017,68340.077,,
71841,72543.029,,
78372,79050.243,,
82307,82918.821,,
83748,83087.028,,
83160,82116.087,,
82075,81372.951,,
81506,80980.188,,
80594,80530.236,,
79872,79881.728,,
79080,79453.005,,
78975,79358.213,,
79442,79980.39,,
80083,80656.925,,
81925,81311.362,,
83188,81942.325,,
84008,83677.544,,
81980,81390.733,,
76989,76997.793,,
72782,72607.261,,
69820,69326.255,,
67832,67493.529,,
67258,66534.325,,
67342,66622.946,,
68890,67899.344,,
72903,71787.355,,
78901,77788.896,,
83709,82099.795,,
84894,83894.057,,
84452,84187.465,,
84616,84253.441,,
84410,84145.364,,
84399,84234.848,,
83600,84114.048,,
82982,83594.866,,
82444,82007.071,,
83783,81922.313,,
83431,82964.176,,
84433,84029.69,,
86388,85314.959,,
88321,87726.789,,
86208,86468.988,,
83050,82780.648,,
79218,78891.043,,
76936,76201.715,,
75334,74922.009,,
75166,74616.026,,
75805,75248.343,,
77862,77137.112,,
82299,82036.326,,
88920,88572.343,,
93001,92122.805,,
92703,91631.659,,
90613,90105.785,,
88499,88775.136,,
86496,87548.597,,
86073,86653.443,,
85411,85680.069,,
83568,84370.046,,
83646,83190.901,,
83811,83013.587,,
84355,83491.731,,
84961,84110.311,,
86744,85638.234,,
89239,88035.028,,
87436,86936.008,,
83414,83124.552,,
79545,79207.417,,
77015,76548.414,,
75558,75198.208,,
74905,74743.375,,
75413,75005.24,,
77129,77143.607,,
80643,81400.866,,
86575,87479.719,,
90916,90386.424,,
91036,89123.92,,
88794,86438.245,,
85718,84223.429,,
82903,82253.045,,
81384,80669.571,,
80140,79283.278,,
78624,77906.385,,
77009,76709.645,,
76761,76632.148,,
76999,77013.115,,
77980,76911.044,,
79147,77650.942,,
81054,78734.57273,,
79564,78930.81818,,
76057,76276.48182,,
72799,72562.30909,,
69089,68905.439,,
68153,67400.9,,
67032,66565.51,,
67048,66653.248,,
67696,67381.026,,
69461,69333.516,,
71926,71819.508,,
74213,73754.673,,
75634,74635.933,,
75426,74684.091,,
74330,74069.235,,
73751,73260.581,,
72979,72567.591,,
71800,72117.757,,
71484,71654.678,,
71574,72117.409,,
72446,72975.563,,
73343,73875.868,,
75221,74461.322,,
76277,75363.116,,
77661,76476.409,,
76178,74965.132,,
73176,72022.038,,
69686,68614.685,,
66213,65793.459,,
64515,63770.186,,
63326,62682.35,,
62800,62126.033,,
63041,62369.301,,
64101,63324.498,,
65945,64897.282,,
67888,66762.836,,
69571,69218.186,,
71147,70864.339,,
71703,71545.658,,
72174,71780.449,,
71977,71269.458,,
71518,70206.814,,
70585,69546.7,,
70256,69166.41,,
71238,69785.339,,
72437,70976.663,,
73617,72178.19,,
75392,73951.291,,
77594,76695.32,,
76110,75968.523,,
72696,72527.408,,
69485,69140.859,,
66411,66684.888,,
65048,65563.067,,
65486,65355.177,,
65963,65972.634,,
68422,68213.28,,
73198,73071.255,,
80346,79800.813,,
84884,83594.295,,
85302,83776.973,,
84103,82161.274,,
82885,80840.447,,
81234,79786.887,,
80270,79087.139,,
79192,78275.098,,
78405,77530.295,,
77728,77066.947,,
78349,77465.026,,
79382,78407.311,,
79483,79233.609,,
81408,80059.356,,
83198,81789.182,,
80454,80181.723,,
75966,75513.272,,
71331,70783.658,,
68501,67205.313,,
66217,65419.145,,
64802,64440.65,,
64627,64363.664,,
65911,65786.119,,
69934,69762.982,,
76304,75432.375,,
80390,79055.578,,
81500,79842.765,,
81619,79719.704,,
81194,79809.138,,
81649,80288.728,,
81252,81101.783,,
82352,82155.606,,
82869,83150.2,,
83928,84650.306,,
85248,86430.926,,
86260,88040.291,,
88192,88729.632,,
90077,88152.48,,
89962,88594.219,,
86623,86055.427,,
80754,80265.569,,
74812,74459.098,,
71098,69811.814,,
67990,66648.435,,
65706,64661.676,,
64710,63653.633,,
65454,64295.935,,
69200,67408.901,,
73889,72514.535,,
79103,76605.411,,
81554,79422.827,,
83627,81288.213,,
85911,83167.957,,
86897,85238.501,,
89120,87124.344,,
90915,89211.01,,
92663,91248.374,,
93978,92342.52,,
95313,93633.294,,
95825,94349.364,,
95430,93778.534,,
94616,92973.791,,
93857,93593.278,,
90957,90158.667,,
84794,84099.003,,
78819,77927.332,,
73786,73039.956,,
70711,69714.593,,
68680,67535.776,,
67161,66404.27,,
67942,66898.931,,
71203,69992.969,,
77310,75519.909,,
82487,80222.294,,
84477,83401.459,,
86378,85630.198,,
88349,87375.584,,
90034,88964.617,,
91592,90250.326,,
92556,91335.238,,
93126,91549.107,,
93752,91030.806,,
93863,90647.469,,
92096,91104.173,,
90674,90242.238,,
92117,89557.374,,
90854,89250.936,,
88211,86649.809,,
83424,81613.995,,
77979,75826.02,,
70518,71149.968,,
68640,68207.055,,
66698,65966.135,,
66072,64886.264,,
66174,65388.109,,
69156,68189.27,,
74849,72941.692,,
79002,77031.149,,
80978,78875.913,,
80708,79569.726,,
81218,80224.281,,
80825,80689.357,,
80972,80609.718,,
81469,80342.731,,
81133,79765.561,,
80210,79107.968,,
80091,78976.189,,
79850,78316.973,,
79577,77808.187,,
79126,77427.687,,
79777,78360.747,,
77991,77576.97,,
74274,74053.041,,
70204,70006.354,,
66880,66774.197,,
64998,64642.276,,
64187,63515.062,,
63890,63338.665,,
64244,63831.794,,
65927,65386.584,,
68288,67623.294,,
70328,69856.096,,
72258,71197.902,,
72840,71209.163,,
72210,70913.749,,
70986,69948.905,,
70215,68915.614,,
69075,68128.547,,
67927,67777.993,,
67926,67969.926,,
68762,69293.02,,
70852,71121.03,,
72204,72517.363,,
74446,73124.579,,
75884,74632.494,,
74225,74039.13,,
71078,71134.63,,
67749,67271.609,,
64243,64014.208,,
62234,61711.485,,
60781,60168.167,,
60011,59449.528,,
59802,59395.649,,
60758,60127.765,,
61917,60847.358,,
63551,62213.857,,
65257,64903.366,,
67986,66851.545,,
70127,68449.472,,
71125,69761.884,,
72309,71158.799,,
73575,72631.057,,
74226,74578.751,,
75868,77127.515,,
79091,80090.773,,
81593,82657.037,,
83685,83505.141,,
85112,83284.633,,
84795,84088.584,,
82344,82199.322,,
77228,77356.975,,
72326,72005.137,,
68432,67809.978,,
65819,64883.631,,
64451,63097.816,,
63469,62666.363,,
64368,63440.875,,
67803,66567.064,,
73564,71750.423,,
78285,76601.472,,
80555,79865.028,,
81666,81901.838,,
83838,83550.699,,
85339,84554.028,,
86106,85319.917,,
86824,86415.647,,
87076,86974.597,,
88401,86685.771,,
89095,87013.579,,
88639,87677.241,,
88506,87524.12,,
88042,87023.436,,
87886,86976.074,,
84525,84376.04,,
78876,79469.277,,
73348,74076.69,,
70236,69794.224,,
67243,66924.936,,
65593,65135.057,,
65016,64339.433,,
65949,65185.595,,
69512,68381.423,,
76073,73478.625,,
80513,78229.473,,
83151,81646.28,,
83979,84240.883,,
85852,86385.243,,
88069,87885.387,,
90269,89572.913,,
91681,91180.366,,
92958,92173.327,,
94173,92647.762,,
94561,93034.841,,
94470,92869.293,,
93692,91407.016,,
93073,89608.03,,
90618,89059.978,,
87990,86184.025,,
82948,80480.184,,
76083,74739.479,,
71615,70410.359,,
68658,67396.936,,
66255,65762.97,,
65759,64924.003,,
66674,65582.87,,
70262,68507.174,,
76011,73642.484,,
80559,78537.655,,
82304,81423.955,,
83044,83009.29,,
83959,84252.627,,
85157,84985.241,,
85985,86017.586,,
86516,86511.424,,
86569,86439.558,,
86682,85673.242,,
86698,85935.716,,
86329,86052.255,,
86954,84903.616,,
86187,83535.829,,
86068,83503.995,,
83430,81576.305,,
78113,76834.191,,
72625,71879.762,,
68117,68141.094,,
65971,65928.303,,
65198,64571.369,,
65073,64287.421,,
66301,65621.988,,
70044,69144.976,,
76468,74616.334,,
80681,78492.569,,
81496,79729.923,,
81383,79528.005,,
80512,79332.318,,
79941,78702.283,,
79633,78354.448,,
78838,78278.785,,
78411,78158.595,,
78472,78086.073,,
78943,78475.688,,
79645,78947.361,,
80164,79270.969,,
80703,79561.86,,
81923,80859.986,,
80158,79499.101,,
75961,75217.426,,
71607,70469.257,,
67965,67189.082,,
66006,65153.728,,
64923,64255.138,,
64829,64202.62,,
65904,65226.217,,
69512,68904.952,,
75520,74200.39,,
79645,78266.45,,
81315,79838.771,,
81118,79994.411,,
81000,79688.157,,
80532,79480.136,,
79732,79641.003,,
79248,79333.134,,
78702,78840.21,,
77982,78272.531,,
78503,77902.559,,
78906,77880.357,,
79036,77648.951,,
78967,77586.196,,
80336,78636.756,,
78169,77837.363,,
74631,74669.74,,
70983,70805.739,,
68223,67590.076,,
66271,65467.018,,
65369,64379.685,,
65054,63949.447,,
65642,64398.154,,
67059,66155.012,,
69386,68162.293,,
71728,70533.047,,
73886,72985.362,,
74888,74211.374,,
75127,73975.796,,
74552,73373.51,,
73583,72588.51,,
72514,71418.05,,
71635,70137.798,,
71219,69558.726,,
71748,69930.679,,
72578,70555.357,,
73390,71367.428,,
74168,72112.162,,
75967,74414.969,,
75200,74583.22,,
72868,72144.525,,
69689,68997.963,,
66545,66142.795,,
64670,64341.827,,
63635,63291.012,,
63431,62912.57,,
63781,62927.442,,
64880,63902.435,,
66238,65226.635,,
67862,67073.075,,
69940,69763.641,,
71175,71757.473,,
72057,72777.806,,
72519,72734.655,,
73162,72400.882,,
72533,71891.095,,
72056,71784.641,,
72008,71734.822,,
72954,72352.269,,
74122,73691.764,,
75013,74582.805,,
76443,75591.098,,
78556,77325.179,,
77363,76674.104,,
73775,73474.451,,
69945,69799.273,,
66996,67020.634,,
65436,65404.2,,
64926,64426.981,,
65027,64453.283,,
66808,65900.316,,
70570,70008.417,,
76861,75499.401,,
81078,80226.103,,
82609,82483.398,,
83252,83270.099,,
83467,82994.228,,
82884,82218.176,,
82446,81658.41,,
81543,80878.075,,
80846,80092.552,,
79747,78958.538,,
79768,78763.761,,
80457,79257.896,,
80578,79718.345,,
81196,79951.97,,
82763,81394.338,,
81074,80364.056,,
76724,76051.408,,
72314,71427.09,,
68660,68205.705,,
66737,66171.447,,
65837,65417.104,,
65910,65178.47,,
67297,66576.883,,
70912,70533.329,,
76731,76057.523,,
80639,79967.915,,
81794,80682.999,,
81437,80361.79,,
81046,79615.523,,
80562,79265.895,,
80148,79195.25,,
79197,79367.027,,
78712,79447.447,,
78863,78893.301,,
80146,78934.521,,
80578,79460.54,,
81075,79423.319,,
80845,79864.309,,
82163,81222.357,,
81234,80484.82,,
77033,76273.864,,
72948,71846.053,,
68551,68603.353,,
67503,66619.766,,
66504,65950.028,,
66221,65795.172,,
67932,67305.701,,
71332,71102.176,,
76802,76597.269,,
80414,80459.209,,
81434,81375.738,,
80608,81025.124,,
80037,80411.045,,
79688,80028.029,,
79193,79483.336,,
79633,79172.7,,
78868,78793.883,,
78919,78343.376,,
78563,78469.842,,
79287,78831.261,,
79720,78946.2,,
80034,79199.37,,
81408,80460.07,,
79763,79964.758,,
75597,75987.856,,
71160,71813.217,,
67982,68279.112,,
66101,66786.445,,
65164,66088.348,,
65177,66206.527,,
66575,68026.667,,
70662,72111.467,,
76742,77616.458,,
81327,80843.979,,
82474,80962.32,,
81552,80037.827,,
79979,79606.864,,
79438,79173.172,,
79041,79501.554,,
78667,79449.015,,
79070,79141.69,,
78582,79293.106,,
78976,79422.977,,
80151,79994.137,,
80247,79649.996,,
80953,79695.018,,
82138,80660.022,,
80260,79820.991,,
75669,75367.879,,
70970,70577.14,,
68032,67074.158,,
65807,65165.963,,
64743,64135.345,,
64639,64229.898,,
65554,65851.489,,
69589,69734.104,,
76172,74986.823,,
79795,78394.016,,
80808,79532.333,,
81154,79270.539,,
80368,79231.697,,
79969,79496.197,,
80119,79869.019,,
79878,80001.382,,
79459,79703.06,,
79879,79064.749,,
79730,79431.325,,
79177,79562.453,,
78581,78903.5,,
78607,78145.59,,
79695,78306.665,,
78092,77713.899,,
74249,73943.691,,
69743,69296.99,,
65729,65744.945,,
63280,63240.413,,
61859,62028.355,,
61290,61629.113,,
61762,62124.787,,
63334,63635.986,,
65498,65327.632,,
67660,67276.095,,
69592,69140.338,,
71451,70365.717,,
72136,71040.936,,
71935,71396.047,,
72068,71806.246,,
71963,72285.135,,
71977,72173.651,,
73164,72358.324,,
73772,73545.83,,
74281,74544.516,,
74936,74987.608,,
75296,74385.844,,
77011,75019.094,,
76079,74484.327,,
71942,71028.257,,
69089,66892.479,,
63958,63327.017,,
61792,60905.562,,
60347,59482.178,,
59286,58716.666,,
59473,58684.49,,
60300,59298.46,,
60849,60025.757,,
63165,61775.48,,
65091,64538.99,,
67005,67165.269,,
68106,68395.998,,
69608,69357.687,,
70433,70246.632,,
70731,70899.423,,
71182,71279.28,,
71714,71892.117,,
72883,73262.119,,
75980,74572.044,,
76673,75016.274,,
76913,75142.25,,
77803,76389.613,,
75470,75565.235,,
71871,71969.1,,
67610,67644.121,,
64585,64251.705,,
62634,62119.028,,
61846,61013.299,,
61656,61004.94,,
62679,62301.437,,
66401,65787.9,,
71778,71079.595,,
76736,75625.625,,
78491,78080.616,,
79396,79421.821,,
80761,80605.003,,
82037,81618.982,,
82926,82763.838,,
83735,83483.802,,
84256,83908.569,,
84617,84031.11,,
85411,84782.129,,
85806,85229.058,,
85316,85038.913,,
85306,84006.344,,
85991,84184.439,,
83258,82555.637,,
77727,77258.737,,
72653,71738.727,,
68186,67550.03,,
65419,64891.508,,
63648,63411.115,,
63826,62835.422,,
64767,63783.836,,
68309,66973.72,,
74018,71804.911,,
78542,76178.935,,
79112,78677.616,,
81796,80170.926,,
83347,81594.539,,
83900,83445.464,,
85302,85056.269,,
87481,86748.446,,
89251,88130.667,,
90191,89559.649,,
91363,91402.713,,
92411,92652.702,,
91310,92413.749,,
91359,90809.168,,
91618,89950.531,,
88275,87863.856,,
82270,81823.52,,
77431,75479.529,,
71771,70422.577,,
68653,67263.584,,
66256,65200.622,,
65491,64401.492,,
65818,64960.519,,
68976,67763.551,,
74502,72515.763,,
78980,77448.27,,
81952,80947.838,,
84107,83650.058,,
86974,86602.009,,
89987,89528.245,,
92970,92574.377,,
95512,95598.471,,
98184,98178.731,,
100957,100765.535,,
102786,103141.644,,
103738,104845.566,,
103335,104202.609,,
102081,101812.463,,
100833,99417.241,,
96324,96322.301,,
89154,89161.378,,
83142,81471.355,,
75669,75322.911,,
71789,71435.956,,
69612,68552.653,,
68489,67117.854,,
68855,67238.342,,
71079,69765.933,,
76250,74326.023,,
81024,79438.194,,
83754,83260.381,,
87661,86816.307,,
91795,90731.893,,
95588,94559.141,,
99439,98453.432,,
103159,102318.668,,
106117,105178.055,,
108117,107400.096,,
109638,109317.992,,
110000,109868.691,,
108625,107962.508,,
105609,103978.502,,
102595,100384.716,,
97245,96963.416,,
89317,89907.572,,
83058,82281.317,,
76994,75893.331,,
72968,71622.419,,
70057,68650.845,,
68676,67151.66,,
67875,67116.636,,
70657,69566.411,,
75572,73837.711,,
80221,78843.096,,
83031,83048.986,,
86648,86397.991,,
90685,89921.413,,
94503,93397.104,,
98156,96790.374,,
101572,100713.754,,
104221,103949.42,,
107056,106848.835,,
109373,109102.288,,
109421,109789.247,,
107578,107737.583,,
104590,103554.53,,
101429,99804.422,,
96414,96374.082,,
90157,89974.612,,
82869,82917.768,,
76515,76580.437,,
72397,72079.228,,
69540,69090.054,,
68014,67072.292,,
67194,66018.079,,
67693,66751.276,,
68586,67523.11,,
71798,70559.779,,
76617,75230.571,,
81827,80106.43,,
87109,84994.027,,
91842,90178.725,,
95929,94929.378,,
100258,98985.142,,
104210,102104.048,,
107384,104498.674,,
109246,106136.687,,
110024,106681.029,,
107820,105513.634,,
105504,102975.825,,
101761,100387.202,,
98189,97555.838,,
92172,92327.383,,
85325,85822.56,,
79798,79735.375,,
75511,75217.459,,
72859,71807.066,,
70087,69615.81,,
68988,68279.454,,
68823,67941.871,,
69495,67998.75,,
71875,70978.012,,
75918,76555.792,,
81882,83106.441,,
89031,89510.584,,
95355,95421.735,,
101116,100695.106,,
105876,104896.387,,
109696,108246.22,,
112982,110907.031,,
115423,113612.674,,
115586,115239.05,,
114338,114524.988,,
111744,111751.94,,
108901,108666.671,,
105375,105099.657,,
98047,97789.593,,
90874,89813.715,,
82486,83132.993,,
78319,78095.077,,
75627,74758.423,,
74038,72764.336,,
74115,72702.918,,
76570,75344.772,,
81933,79575.091,,
85235,84318.364,,
88525,87755.075,,
91475,90389.586,,
94401,93050.16,,
96496,95988.352,,
99330,98667.489,,
101349,100833.239,,
102647,101806.661,,
103616,102376.152,,
103734,102910.633,,
103459,103292.455,,
102568,102510.676,,
101335,100183.254,,
99527,98250.827,,
95944,95323.521,,
90080,89068.432,,
83810,82103.569,,
77226,76403.5,,
72663,72634.667,,
70672,70346.114,,
69701,68983.317,,
70386,69159.198,,
73567,72004.37,,
79109,76912.064,,
82860,81955.81,,
86464,86399.375,,
89704,90147.164,,
93905,94080.455,,
97064,97491.88,,
99906,100566.544,,
103391,103626.278,,
105920,106013.08,,
108674,108526.557,,
109720,110178.071,,
110876,111701.249,,
109576,110766.754,,
109131,107886.51,,
106382,104965.232,,
101163,102007.377,,
93750,95045.616,,
86368,87225.745,,
80857,81202.008,,
76484,76782.333,,
74797,74138.565,,
73233,72580.666,,
73803,72588.692,,
76367,75468.433,,
81252,80268.707,,
86306,86097.207,,
91166,90997.112,,
96324,95194.113,,
99962,99973.443,,
104998,104924.383,,
109218,109543.819,,
113649,113319.156,,
115467,116219.878,,
117802,118498.743,,
118949,119632.535,,
120048,118463.205,,
116434,114914.091,,
112471,110179.199,,
108733,105748.505,,
102247,101371.041,,
94383,94308.717,,
86580,86892.443,,
79539,80395.138,,
75582,76017.861,,
75015,73095.488,,
72798,71400.953,,
73095,71178.347,,
75414,73371.939,,
80147,77536.433,,
84768,83134.148,,
87613,87643.699,,
90537,90888.262,,
94425,94016.948,,
96924,96886.059,,
99953,99640.581,,
102644,102081.434,,
104501,104015.005,,
105896,105861.977,,
107004,107358.515,,
107093,107419.763,,
106047,105081.559,,
103865,101393.761,,
100485,98207.518,,
95382,94914.172,,
89055,88218.976,,
82221,81413.186,,
76324,75474.057,,
72889,71331.52,,
70419,68874.451,,
68778,67420.509,,
68920,67625.277,,
71636,70051.418,,
76425,73955.071,,
80439,78306.938,,
82823,81920.785,,
84993,84621.001,,
87193,87148.278,,
88520,88864.891,,
89804,90144.052,,
91365,90658.394,,
91663,90309.902,,
91574,89454.514,,
90543,88902.583,,
89875,88238.027,,
87573,86537.739,,
86335,84885.909,,
84473,83467.042,,
82366,81389.094,,
78006,76986.149,,
73230,72150.684,,
68369,67944.145,,
65385,65019.053,,
64431,63167.181,,
62553,62095.076,,
62605,61766.979,,
63593,62434.25,,
64593,63495.263,,
67084,65894.002,,
70247,69550.587,,
72379,72402.107,,
74423,74344.374,,
74708,74947.794,,
75258,74875.11,,
75060,73987.306,,
74468,73075.261,,
73981,72556.126,,
74169,72734.553,,
74384,73212.467,,
74738,73154.899,,
74794,72996.378,,
74914,73441.51,,
74684,73267.871,,
72084,70683.785,,
67985,67270.026,,
63934,64492.265,,
61985,62057.872,,
61568,60978.189,,
61081,60289.846,,
61010,60134.57,,
61537,60989.783,,
62239,61598.628,,
63984,63634.919,,
67010,66758.972,,
69992,69289.729,,
71652,70731.143,,
72410,71568.184,,
72325,71709.004,,
72535,71338.019,,
71788,70695.509,,
71849,70271.117,,
72232,70784.029,,
73403,71529.94,,
73480,71624.444,,
74594,71667.486,,
75724,72016.181,,
75046,72247.576,,
72340,69663.295,,
68161,66636.71,,
64549,63553.485,,
62120,61320.895,,
60430,60126.638,,
59791,59586.39,,
59884,60067.976,,
60459,61051.536,,
61063,61857.845,,
63280,63152.949,,
65807,65169.646,,
67238,67235.245,,
68245,68675.962,,
69463,69458.282,,
70258,69726.11,,
70405,69707.162,,
70345,69845.658,,
71058,70697.221,,
72478,72489.814,,
74165,74625.894,,
75420,75732.235,,
75977,75931.839,,
77183,76164.207,,
76424,76049.304,,
72456,72225.311,,
67918,67487.76,,
65315,63726.269,,
62765,61428.543,,
60503,60224.081,,
59799,59809.848,,
61046,60879.689,,
64298,64218.244,,
69033,69077.231,,
73193,74089.219,,
76439,77145.214,,
78886,79311.675,,
80687,81616.392,,
82785,83553.574,,
85047,85451.47,,
87156,87560.209,,
88427,88792.734,,
89960,89677.689,,
91046,91029.68,,
91696,91721.516,,
91581,90919.488,,
89678,89594.472,,
89033,88771.848,,
87187,87116.867,,
81282,82062.922,,
74592,75940.3,,
69595,71206.062,,
66552,67787.522,,
65335,65687.403,,
64654,64678.803,,
65570,65247.714,,
68239,68065.735,,
72604,72416.152,,
77448,77155.64,,
80635,80678.78,,
82750,83116.555,,
84722,85338.429,,
87379,87374.135,,
89442,89708.603,,
91252,91950.953,,
92779,93221.191,,
93428,93955.895,,
95683,94274.49,,
95711,94572.082,,
94704,93217.959,,
92216,91199.003,,
90314,90125.652,,
87992,88342.932,,
82299,83330.386,,
76655,77434.894,,
71498,72549.109,,
68319,69270.437,,
67189,67256.532,,
66708,66496.712,,
67404,67370.569,,
70303,70302.012,,
75477,75219.794,,
80365,80350.351,,
84016,84409.125,,
86824,87240.031,,
90101,89903.971,,
91869,92177.823,,
93962,94506.405,,
96856,96959.278,,
98407,98452.505,,
100117,99813.272,,
101428,100619.903,,
101636,101047.474,,
100391,99959.108,,
97695,97576.273,,
95560,95574.931,,
93362,93212.679,,
87130,88326.439,,
80139,82573.644,,
76884,77365.461,,
72799,73840.074,,
70864,71388.724,,
69548,70075.007,,
70734,70613.557,,
73297,73338.132,,
77926,77724.23,,
83602,82995.705,,
87293,87204.814,,
91144,90544.473,,
94945,94200.525,,
98063,97450.495,,
101395,100252.397,,
104152,103143.094,,
106426,106208.132,,
108113,109110.989,,
110196,110580.903,,
110941,111026.188,,
108281,110060.076,,
105581,107237.502,,
102677,102864.039,,
99851,99506.07,,
93927,93776.569,,
86728,86638.294,,
80128,80077.407,,
75513,75269.214,,
72910,71651.036,,
70900,69630.31,,
69972,68536.878,,
70090,68554.217,,
71186,69506.258,,
73668,73638.969,,
78860,79862.116,,
85374,86628.934,,
92771,93177.372,,
99571,99573.284,,
104682,104709.309,,
111212,108962.551,,
114712,112608.859,,
117529,115910.549,,
120198,118876.304,,
121228,120597.937,,
118537,120147.091,,
114430,116854.494,,
112753,111827.892,,
107114,107364.88,,
100419,100696.969,,
93119,92814.289,,
86574,85785.401,,
80357,80055.249,,
77436,76031.612,,
74348,73092.299,,
72455,71150.656,,
72023,70318.325,,
72007,70149.457,,
74619,74018.443,,
80484,81037.544,,
88347,89215.204,,
96640,97651.674,,
104664,104906.843,,
112121,110578.239,,
117824,115054.381,,
121811,118540.292,,
123826,121049.601,,
125752,123538.274,,
126045,125458.088,,
123799,125173.523,,
120951,122386.355,,
118066,118011.281,,
113388,114262.854,,
105743,107348.889,,
98727,99304.826,,
89690,92115.322,,
86661,86726.707,,
83641,83110.178,,
82102,81178.67,,
81486,80908.385,,
84284,83166.167,,
88572,88170.351,,
94190,95282.567,,
100181,101645.381,,
107614,107827.857,,
114102,113630.773,,
120172,119051.141,,
125307,124241.387,,
129077,127716.494,,
131434,129816.287,,
132219,130977.111,,
132406,131750.854,,
131680,131473.79,,
128918,129231.616,,
125147,125466.416,,
122438,121170.271,,
116539,117341.1,,
107882,109518.497,,
101131,101019.161,,
91760,93858.798,,
86814,88733.631,,
85556,84997.391,,
83663,82776.997,,
83487,82528.031,,
86095,84834.229,,
91586,89528.95,,
96757,96491.993,,
102140,102789.852,,
107377,108691.15,,
112999,114940.724,,
117864,121209.204,,
122579,126325.219,,
126418,129977.327,,
129183,131192.01,,
130164,131285.331,,
129983,130770.975,,
128945,129637.092,,
126440,126745.358,,
122310,122815.088,,
119009,118476.802,,
113622,114357.878,,
105746,106808.694,,
97828,98614.015,,
90878,91380.504,,
86137,86261.108,,
82729,82578.599,,
80961,80562.13,,
80913,80362.815,,
83279,82705.617,,
87794,87166.131,,
92886,93663.45,,
97822,99721.831,,
102746,105308.135,,
111619,111233.441,,
116907,116867.103,,
121214,121262.955,,
124397,124753.764,,
126824,127059.862,,
128246,127910.007,,
128739,128191.026,,
127519,127391.757,,
124643,124315.411,,
120464,120106.554,,
116478,116108.151,,
111544,112095.734,,
103908,104985.394,,
95686,96681.396,,
88589,89761.459,,
83813,84506.669,,
80627,81027.86,,
78755,78870.566,,
78742,78667.015,,
81466,81010.419,,
87259,85340.713,,
92731,91825.8,,
97185,98249.418,,
101436,104077.137,,
107991,109564.419,,
112940,114635.169,,
118535,119084.543,,
121681,122435.303,,
123594,124583.455,,
124264,125541.538,,
124087,125344.382,,
123033,123776.949,,
121079,120435.052,,
117081,115993.248,,
113051,111743.652,,
108435,107681.175,,
101457,100895.047,,
93250,92867.219,,
86101,86105.161,,
81370,81183.587,,
78181,77915.286,,
76367,75916.418,,
76248,75952.358,,
78711,78252.644,,
83884,82163.894,,
88941,87608.918,,
93383,92575.523,,
97365,97004.589,,
101197,100911.141,,
104788,104300.515,,
107814,106921.271,,
110019,109016.038,,
111287,109696.06,,
111864,109574.743,,
111952,108801.143,,
111097,108362.097,,
107881,106288.025,,
105295,103651.919,,
102574,101003.167,,
99525,98230.04,,
93695,93688.723,,
87072,87117.857,,
78998,81016.189,,
74619,76615.01,,
71641,73455.055,,
69691,71256.736,,
68854,70141.221,,
69313,70461.611,,
70406,71538.836,,
73393,74870.881,,
78105,80035.937,,
83214,85500.278,,
88017,90182.494,,
92286,94653.663,,
95711,98118.867,,
98364,100680.059,,
100441,101859.647,,
102476,102452.941,,
104346,102938.72,,
105298,104033.132,,
104415,103975.024,,
101771,102046.031,,
98967,99327.343,,
96184,96781.514,,
90909,91799.492,,
84651,85571.901,,
77950,79773.16,,
73607,75225.292,,
70577,71919.887,,
68526,69695.541,,
67399,68315.033,,
67184,67723.423,,
67471,67660.796,,
69925,70368.166,,
74930,75382.756,,
80722,81723.761,,
86388,87849.893,,
91745,93510.448,,
96558,98341.085,,
100337,101685.694,,
103405,103615.943,,
106228,104982.786,,
108708,106500.914,,
110186,107580.37,,
109456,106528.805,,
107020,104275.32,,
104095,101254.716,,
100762,97835.944,,
94662,92186.2,,
87730,84922.047,,
79925,78962.99,,
75703,74611.63,,
72873,71884.691,,
71375,70432.683,,
71665,70893.448,,
74407,73547.664,,
79293,77695.171,,
85030,83571.763,,
90482,89141.815,,
95281,93948.68,,
100251,98825.601,,
104966,102941.903,,
109297,107452.905,,
113062,111536.121,,
115447,114670.193,,
117180,116912.184,,
118142,119136.691,,
118255,119892.171,,
116415,117926.641,,
112943,113483.806,,
109102,108483.174,,
104911,103653.268,,
97525,96068.837,,
89664,87799.143,,
80036,80979.528,,
75622,76394.624,,
72635,73232.784,,
71018,71456.587,,
71225,71364.283,,
73934,73589.861,,
78811,77308.507,,
84171,82859.872,,
88498,87869.007,,
92229,91891.261,,
95879,95642.951,,
99141,98822.675,,
101967,101616.76,,
104466,104174.508,,
106046,105815.123,,
107306,107074.931,,
108195,108289.021,,
108274,108751.227,,
106639,107137.648,,
103790,103546.335,,
100814,98885.314,,
97747,95381.844,,
91355,89082.579,,
84109,81880.533,,
75316,75697.91,,
71291,71559.579,,
68744,69024.835,,
67408,67592.943,,
67712,67919.948,,
70444,69918.658,,
75131,73781.627,,
80215,78681.988,,
84007,82764.542,,
87028,85640.621,,
89958,88680.73,,
92659,91133.948,,
95055,93652.679,,
97387,96034.768,,
99095,98262.946,,
100633,100545.257,,
101860,102756.456,,
102385,104244.805,,
101077,103589.386,,
98442,100351.297,,
95755,95843.804,,
93103,92056.568,,
87092,86157.343,,
80197,79044.703,,
73371,73182.033,,
69614,69411.824,,
67270,66856.188,,
66040,65605.733,,
66371,66143.783,,
68866,68303.967,,
73455,71933.593,,
77798,76905.779,,
81666,80887.11,,
84815,83963.324,,
88019,87234.427,,
91189,89904.595,,
93712,92676.718,,
96030,95993.284,,
98806,99332.481,,
101018,102768.578,,
104152,106614.109,,
106410,109044.218,,
108100,109191.4,,
106322,106637.643,,
102514,102033.7,,
99211,98720.137,,
92955,92432.304,,
85672,85297.855,,
78188,79194.414,,
73731,74675.941,,
71110,71820.425,,
69950,70160.844,,
70030,70422.038,,
71195,72357.317,,
75405,75469.778,,
81296,80061.33,,
86483,84500.301,,
89707,88678.193,,
95346,92894.682,,
99943,96841.198,,
105157,100495.02,,
107987,104194.026,,
109832,108000.566,,
112438,111893.379,,
115011,114836.543,,
116664,116322.692,,
115510,114998.29,,
111013,111427.533,,
107796,107859.024,,
104720,104169.555,,
97882,98504.468,,
90517,91513.593,,
85413,85280.983,,
80317,80397.111,,
76800,77003.964,,
74379,74686.212,,
73450,73767.69,,
73515,73832.918,,
74614,74895.315,,
78450,77945.799,,
84022,83177.269,,
90439,88389.271,,
95901,93523.041,,
101330,98665.624,,
103877,103285.44,,
107654,106572.978,,
110548,109432.865,,
111965,111721.235,,
113478,112217.546,,
113346,112121.713,,
111534,110700.812,,
108222,107405.901,,
105602,103932.386,,
102381,100722.193,,
96477,95385.795,,
90554,88821.205,,
84020,82734.388,,
79239,78002.675,,
75222,74686.933,,
73163,72295.374,,
71920,70927.049,,
70825,70237.886,,
71238,70348.428,,
74572,73766.571,,
79949,79874.597,,
86280,87290.139,,
94012,94307.055,,
101132,100938.194,,
107277,106670.213,,
111972,110899.778,,
115847,114487.147,,
118958,117593.863,,
120870,120257.369,,
122467,121473.94,,
121471,120528.373,,
117500,117873.594,,
114210,114640.922,,
109600,111983.874,,
102273,106037.549,,
95786,98833.651,,
89827,92058.634,,
85123,86809.655,,
83876,83388.52,,
81524,81272.789,,
81760,81379.73,,
83844,84185.624,,
88616,88397.712,,
95212,94061.86,,
101213,99829.008,,
106574,105659.144,,
112392,111532.677,,
118091,117284.038,,
122610,121886.139,,
124956,125029.966,,
127098,126918.863,,
127837,127806.126,,
127576,127348.421,,
126902,125528.482,,
124447,121295.871,,
120961,115606.493,,
116701,110464.158,,
111718,106153.552,,
104193,99484.528,,
96146,91697.515,,
81829,85286.569,,
77404,80708.46,,
74401,77575.933,,
72670,75645.698,,
72700,75500.946,,
75120,77552.722,,
79633,81526.51,,
84454,86512.988,,
89976,90482.281,,
92237,93185.746,,
93893,94888.353,,
95105,95533.765,,
95908,95331.302,,
96270,95038.381,,
96145,94162.77,,
95953,93239.78,,
95956,93068.116,,
95731,92932.876,,
94691,91875.564,,
92928,89991.886,,
90929,87781.964,,
88682,86226.528,,
83620,81616.597,,
77569,75867.788,,
71170,71274.562,,
67531,67831.564,,
65630,65916.026,,
64747,64974.869,,
65334,65484.948,,
68064,67793.492,,
72262,71690.757,,
77013,76315.26,,
80290,79423.236,,
82594,81719.611,,
84552,83695.328,,
86221,85253.745,,
88015,86943.096,,
89726,88754.181,,
91162,90900.576,,
92589,92859.318,,
94204,95210.161,,
95424,97221.039,,
95006,97368.356,,
93364,95472.329,,
91580,92275.936,,
89677,90169.841,,
84178,84957.519,,
77766,78723.921,,
72321,73213.927,,
68658,69538.278,,
66455,67299.624,,
65326,65984.672,,
65771,66279.627,,
68353,68548.659,,
72562,72422.877,,
77858,77327.384,,
82108,81307.338,,
85548,84632.301,,
88914,88226.99,,
92195,91336.06,,
95295,94645.053,,
98469,97207.746,,
100948,98745.512,,
103196,102009.519,,
105074,104587.305,,
106224,105882.127,,
105226,104925.992,,
102565,102351.1,,
99675,98585.152,,
97144,96506.446,,
91022,90928.378,,
83645,84222.808,,
79056,78408.893,,
74556,74230.736,,
71653,71619.121,,
70068,70256.863,,
70243,70470.548,,
72193,72431.142,,
76962,76202.152,,
82089,81373.49,,
86883,86135.483,,
91010,89697.042,,
94982,93169.08,,
98737,96439.27,,
101314,99634.675,,
104755,102746.28,,
107423,105606.529,,
109709,107695.284,,
111617,109612.228,,
112441,110073.879,,
109711,108473.824,,
106228,105506.492,,
102615,102317.25,,
100028,100331.509,,
94005,95708.844,,
87212,89552.729,,
83201,84091.068,,
78364,79643.159,,
75156,76888.683,,
72934,74923.221,,
71955,74041.875,,
72133,74574.667,,
75756,75738.077,,
79331,79368.514,,
85120,85245.593,,
91545,91503.432,,
97649,97772.174,,
103341,102832.694,,
107823,107090.828,,
111373,109826.71,,
114418,112333.247,,
116867,114600.117,,
118840,116499.121,,
119985,117623.482,,
117317,116878.626,,
113895,113760.373,,
110574,109717.758,,
107776,106925.256,,
102556,101750.954,,
95818,95026.825,,
88045,88807.139,,
83048,83318.005,,
79406,79586.295,,
76812,77193.381,,
75355,75781.388,,
74794,75392.207,,
76583,75302.07,,
78767,78996.214,,
84879,85720.934,,
92129,93612.893,,
101153,101076.099,,
107872,107804.041,,
114181,113229.519,,
118460,117570.259,,
121819,120899.817,,
124738,123847.262,,
126835,126529.116,,
128032,128036.007,,
127221,127865.618,,
123238,124855.92,,
118658,119886.346,,
114468,116178.591,,
107185,109456.359,,
98885,101466.913,,
92853,94440.651,,
87950,89062.095,,
84454,85595.874,,
82553,83426.63,,
82519,83094.611,,
84697,85238.502,,
89844,89446.84,,
96075,97031.181,,
103502,104885.327,,
110881,112757.924,,
118505,120463.033,,
125621,127572.368,,
133329,133300.661,,
137602,137349.628,,
140308,139711.236,,
142217,140673.922,,
143153,140919.717,,
142865,141069.32,,
140294,140581.293,,
135347,137730.775,,
130412,132185.353,,
124736,127374.47,,
116074,119025.127,,
106797,109750.489,,
98723,101623.175,,
93118,95588.516,,
88935,91262.832,,
86403,88212.034,,
85921,87312.069,,
88409,89140.158,,
95463,93175.193,,
101990,100808.998,,
109052,109317.631,,
116366,117240.165,,
123887,125004.95,,
131145,131562.528,,
138070,137195.426,,
142292,141948.502,,
145048,144874.046,,
146756,146182.487,,
147585,146844.786,,
147047,146452.871,,
144643,144913.354,,
139825,140804.064,,
134337,134908.558,,
128726,129611.944,,
119458,121087.807,,
109850,111857.047,,
102602,103724.801,,
96339,97651.302,,
92035,93101.458,,
89709,90206.059,,
89232,89322.929,,
91737,90763.348,,
96538,94874.225,,
102990,102146.434,,
110706,109447.757,,
116953,116311.933,,
124015,122940.62,,
130354,129089.096,,
136047,134376,,
139952,137601.269,,
142458,138388.351,,
143309,138391.215,,
143627,138943.398,,
142777,138697.095,,
140087,137263.753,,
135295,132874.94,,
130734,127107.958,,
125666,121368.032,,
117493,113243.66,,
107658,104535.092,,
99662,97317.155,,
94329,91854.619,,
90476,87813.186,,
88203,85434.729,,
86028,84823.546,,
88111,86670.528,,
92268,90426.937,,
97310,96055.686,,
101908,101264.088,,
106962,106543.927,,
110926,110959.478,,
115513,114920.732,,
118713,117311.942,,
120994,118329.708,,
119826,118290.717,,
119764,117160.725,,
117007,116273.463,,
114970,115189.193,,
113475,112617.423,,
110117,108929.019,,
106560,105488.448,,
102618,101638.002,,
96926,95928.804,,
90719,89255.342,,
83124,83277.291,,
78732,78919.021,,
77015,76160.088,,
75356,74403.41,,
75454,74326.967,,
77490,76169.103,,
81936,79367.971,,
86374,83744.085,,
90388,88025.382,,
92550,90971.874,,
94803,93712.694,,
96856,95812.162,,
98488,97799.548,,
100015,99914.661,,
101088,101388.47,,
102161,102196.052,,
102636,103206.676,,
102660,103248.489,,
101216,101436.094,,
98697,97696.44,,
95745,93254.83,,
92961,90416.17,,
88376,85639.221,,
82122,79488.862,,
75683,73902.436,,
71441,69697.577,,
68651,66878.32,,
66818,65052.5,,
66128,64123.014,,
66423,64332.241,,
67327,64282.397,,
70271,66814.506,,
74590,70796.11,,
78884,74866.036,,
82506,78442.953,,
85456,81729.88,,
87821,84503.899,,
89840,86709.678,,
91590,89323.676,,
93597,91658.532,,
95677,93745.675,,
97357,95197.408,,
97247,94901.295,,
95238,92583.795,,
92446,89627.933,,
90548,87458.119,,
86190,83978.537,,
80523,79288.016,,
75616,74166.899,,
71404,70167.868,,
68556,67185.652,,
66636,65179.952,,
65609,64207.14,,
65388,63729.734,,
65366,63540.374,,
67986,65818.801,,
73152,70595.732,,
79034,76361.657,,
84673,82542.021,,
90027,88770.883,,
94950,94385.038,,
98910,98988.947,,
102275,102274.155,,
105542,105403.129,,
108706,108051.844,,
111054,109543.911,,
111122,108876.48,,
108827,105746.222,,
105214,100966.437,,
102416,96856.671,,
96739,92824.06,,
89541,88241.061,,
83758,82947.902,,
78753,77530.912,,
75216,73872.196,,
72739,71411.549,,
71286,70404.296,,
70682,70658.469,,
70504,71197.09,,
73497,74567.549,,
79923,80740.356,,
87582,88615.468,,
95250,97163.538,,
102414,105304.524,,
108716,112204.505,,
113542,117322.022,,
117419,121385.418,,
120772,125363.298,,
123762,128697.887,,
125460,130796.543,,
124827,129833.631,,
121578,126450.938,,
117059,121621.435,,
113482,117227.646,,
106815,109933.945,,
98792,101406.144,,
94321,93965.699,,
88734,88536.447,,
84837,84594.485,,
82444,82092.903,,
82030,81642.494,,
84014,83862.972,,
88231,87925.724,,
94796,94628.355,,
102322,102480.382,,
110096,110616.056,,
118082,119265.405,,
125626,127527.608,,
132179,134322.828,,
137076,139636.727,,
140025,142797.145,,
142179,144794.375,,
143190,146037.187,,
143009,145922.096,,
140685,143120.982,,
135531,138719.488,,
129750,132874.98,,
124611,127495.852,,
116145,119105.757,,
106961,109726.515,,
98028,101591.18,,
92149,95179.228,,
88071,90609.728,,
85543,87346.371,,
87767,86341.812,,
89255,87830.158,,
93606,91578.065,,
99150,97807.416,,
106086,105596.845,,
114017,113840.435,,
121998,122574.883,,
129689,130501.904,,
135844,136484.021,,
140405,140933.334,,
142849,142689.099,,
143925,142306.532,,
144422,141184.819,,
143323,140212.655,,
140680,137180.561,,
135483,131872.701,,
129570,126876.958,,
124055,122255.764,,
115773,114078.66,,
106667,105428.448,,
98579,98003.881,,
92984,92422.138,,
89118,88494.026,,
86574,85736.17,,
85868,85295.443,,
87989,87357.13,,
91983,91102.804,,
97572,96231.007,,
102906,100962.65,,
107986,105574.197,,
111481,110148.079,,
116194,114168.56,,
120174,117866.606,,
123222,120620.78,,
124582,121140.223,,
124754,119604.838,,
124402,119017.877,,
123292,118128.692,,
120560,115123.823,,
116560,111526.579,,
112427,108115.502,,
108329,104985.015,,
101878,99181.379,,
94494,92382.826,,
87761,86410.189,,
83025,82226.982,,
79946,79354.608,,
78088,77689.293,,
78108,77623.908,,
80413,79865.008,,
84748,83394.58,,
90209,88407.976,,
95317,93154.826,,
99976,97552.665,,
104668,102142.437,,
108888,106704.661,,
112647,111007.559,,
115744,114779.297,,
117861,117701.378,,
119021,119780.503,,
119738,120130.448,,
119218,119552.909,,
116584,116621.922,,
112604,111924.686,,
108116,106948.088,,
104440,103438.177,,
98622,97525.988,,
91660,90494.563,,
83694,84152.006,,
78848,79183.666,,
75432,75846.153,,
73111,73292.416,,
71970,71999.846,,
71988,71920.224,,
72503,72624.28,,
75751,75644.522,,
80857,80564.007,,
86025,85689.335,,
90642,90272.862,,
94491,94208.29,,
97491,97280.549,,
99770,99758.301,,
101503,101648.076,,
103198,103410.48,,
104809,105225.606,,
105563,106478.049,,
104575,105076.949,,
101812,101606.511,,
98250,98753.375,,
95651,96807.346,,
90952,92205.25,,
85031,86725.132,,
80125,81368.592,,
75807,77412.683,,
72812,74281.602,,
70724,72413.072,,
69597,71394.731,,
69280,71362.104,,
69305,71644.102,,
72019,73899.553,,
77305,78643.967,,
83163,84189.833,,
88575,89870.82,,
93500,94968.36,,
97692,99295.38,,
100972,102864.769,,
103399,105741.494,,
105604,108262.587,,
107735,110117.89,,
109256,111645.471,,
108794,111411.794,,
106502,109207.366,,
103172,106622.849,,
100423,104778.183,,
95057,99548.107,,
88485,93460.953,,
84098,88030.43,,
79778,84060.964,,
77008,80989.368,,
75518,79535.274,,
75791,80022.304,,
78450,82892.946,,
82971,87842.308,,
89258,93952.018,,
95655,100068.766,,
101717,105746.592,,
107797,111403.727,,
113268,117437.105,,
118027,122509.442,,
121860,127018.016,,
124062,130253.343,,
125684,131782.773,,
126865,131641.279,,
127231,130661.909,,
125646,128242.943,,
122125,123908.172,,
117731,119630.53,,
113587,115775.465,,
106329,108928.517,,
98102,101003.489,,
91702,94227.201,,
86440,89115.244,,
82852,85732.63,,
80706,83607.15,,
80481,83407.389,,
82925,85827.744,,
87448,90051.085,,
93733,95839.055,,
100125,101718.215,,
106300,106816.123,,
112580,111987.96,,
118487,116323.303,,
123564,120261.315,,
127696,124020.671,,
130312,126505.5,,
129186,127914.191,,
131054,128785.51,,
130711,128810.066,,
128079,127168.536,,
124493,123630.583,,
120238,119655.137,,
115989,115712.344,,
109493,108632.13,,
101431,101052.873,,
93695,94042.891,,
88420,89060.074,,
85717,85651.555,,
84002,83527.416,,
83715,83155.019,,
86203,85395.877,,
90564,89471.204,,
95887,95240.349,,
101935,101576.338,,
107851,107740.996,,
114370,114163.526,,
120548,120051.368,,
126078,125546.864,,
130719,130768.637,,
133835,133935.907,,
136476,135773.623,,
136990,135902.827,,
136472,134657.398,,
133651,131896.645,,
128181,127631.51,,
123723,122699.803,,
117995,118615.69,,
110684,111057.521,,
102369,102704.823,,
94690,95373.17,,
89420,89960.486,,
86352,85972.626,,
84236,83661.463,,
83811,83039.733,,
85242,85135.421,,
89615,89097.918,,
95876,95095.456,,
102350,101598.198,,
108486,108124.088,,
114950,115264.056,,
121606,121932.182,,
127254,127666.508,,
132385,132221.743,,
135653,134926.604,,
137829,136830.704,,
139011,138029.471,,
138710,137947.695,,
136515,136234.158,,
131963,131919.529,,
127276,126730.657,,
121514,122324.895,,
113497,114564.354,,
105147,106006.261,,
97193,98508.564,,
91747,92940.761,,
89139,88919.346,,
86509,86284.198,,
86078,85773.939,,
87908,87621.508,,
91797,91070.971,,
97587,97001.335,,
104134,103855.266,,
110767,110645.34,,
117193,117054.644,,
123693,123035.505,,
128702,128321.017,,
132023,132289.017,,
134269,134181.197,,
136137,134191.371,,
136120,133623.519,,
134472,132419.954,,
130516,129669.588,,
125551,124802.001,,
120367,120266.966,,
116696,116426.485,,
110077,109870.655,,
102724,102292.358,,
96355,95491.354,,
90711,90314.342,,
86667,86602.8,,
84008,83867.527,,
82306,82260.925,,
82371,82139.696,,
82509,82884.132,,
85958,86715.09,,
92570,93343.8,,
100196,100350.056,,
107363,107512.741,,
112770,113761.146,,
118049,118644.412,,
121824,121562.682,,
124049,122296.389,,
125127,121238.722,,
123770,120637.11,,
121095,119923.265,,
118336,117627.537,,
114295,113529.319,,
111243,109002.302,,
108114,104676.47,,
100852,98844.103,,
93938,92499.816,,
87781,86681.503,,
82824,81807.322,,
78562,78572.571,,
76424,76114.981,,
74871,75027.218,,
74703,74698.486,,
74600,74518.243,,
77788,76813.415,,
83524,81658.529,,
89799,87319.135,,
94613,92758.78,,
99969,97616.091,,
104845,102138.585,,
107703,105382.746,,
110185,108034.674,,
111782,109882.861,,
113177,111738.17,,
113938,112756.822,,
112457,111789.483,,
109952,108580.464,,
106777,105165.004,,
103279,102211.111,,
96987,96350.747,,
90734,89579.971,,
83606,83513.158,,
79251,79184.319,,
76954,76478.155,,
75330,75113.415,,
75632,75344.271,,
78374,78022.905,,
82896,81976.728,,
88589,87064.01,,
94055,92250.757,,
99265,97539.521,,
104600,103381.515,,
109954,109193.191,,
115416,114403.956,,
119794,119130.032,,
122520,122795.559,,
124738,125593.77,,
126253,127684.521,,
128180,128546.403,,
127377,126535.289,,
123450,121955.591,,
118735,116873.691,,
113771,112218.596,,
106026,104556.091,,
97750,95834.168,,
89725,88575.004,,
84491,83458.616,,
80768,79900.545,,
78642,77649.76,,
78378,77434.045,,
80564,79671.967,,
85030,83563.426,,
90029,88707.417,,
95993,94523.453,,
101690,100338.493,,
108210,107463.766,,
114941,114541.876,,
120860,121223.346,,
125672,126609.216,,
130761,130594.15,,
133893,133459.044,,
135966,135622.692,,
136485,135825.56,,
134646,133080.077,,
129811,127863.687,,
123921,122373.536,,
118313,117526.869,,
110268,109211.527,,
101473,100483.703,,
93880,92942.781,,
88553,87387.219,,
84739,83514.734,,
82449,81084.74,,
82065,80528.697,,
84430,82637.435,,
88901,86533.974,,
92468,91486.467,,
97577,96683.547,,
103959,101667.927,,
109233,106844.56,,
113267,111825.84,,
117894,116248.889,,
120700,119356.558,,
122838,121358.323,,
123531,121557.501,,
123300,121374.023,,
121232,121410.655,,
118972,119241.597,,
116731,114527.354,,
111773,109919.223,,
106924,105744.907,,
100579,98524.123,,
93014,90579.245,,
84020,83907.665,,
79253,78984.754,,
76343,75583.893,,
74432,73519.908,,
74188,73431.08,,
75681,75351.839,,
80212,78913.926,,
85380,83640.923,,
89842,88254.494,,
93584,92409.388,,
97716,96935.728,,
101902,101057.427,,
105437,105384.792,,
109347,109567.188,,
112510,113050.1,,
116233,115881.172,,
118252,117857.556,,
118637,118495.697,,
116975,116834.92,,
114530,112682.441,,
109766,107916.301,,
105095,104247.515,,
98186,97624.668,,
90866,89980.843,,
83388,83579.977,,
78636,78756.807,,
76219,75774.754,,
74094,74012.696,,
73812,73826.118,,
75974,75963.281,,
79387,79560.354,,
84828,84055.325,,
90197,88865.597,,
94666,93312.044,,
99662,98830.747,,
103999,103953.646,,
108905,108640.797,,
113855,112765.158,,
117563,116139.229,,
120118,118593.186,,
121023,120719.572,,
121433,121243.336,,
119185,119078.48,,
115421,114881.645,,
110044,109628.487,,
106300,105613.936,,
99981,98983.73,,
92528,91525.078,,
85577,85073.198,,
80397,80191.739,,
76732,76700.784,,
74201,74354.943,,
73143,73179.979,,
72800,73287.476,,
73141,73990.775,,
77266,76662.225,,
82235,82236.557,,
88930,88920.686,,
95860,95674.201,,
101989,101898.424,,
107275,107815.479,,
111730,112194.669,,
116062,115746.706,,
118877,118497.835,,
120836,120117.625,,
121669,120080.564,,
119658,117414.93,,
115403,113804.783,,
109484,110210.709,,
106641,107292.878,,
100850,101852.221,,
95157,95327.828,,
87953,89227.049,,
82857,84463.641,,
80389,80804.339,,
78094,78338.798,,
76532,76762.298,,
75875,76479.527,,
75488,76398.356,,
77688,78552.097,,
84017,83514.982,,
91590,90226.143,,
99311,97138.72,,
105445,104430.471,,
111201,111099.546,,
116608,116472.45,,
120511,121093.991,,
124760,124682.467,,
127198,127724.43,,
127690,129114.268,,
127484,128398.182,,
124014,125157.497,,
120493,121092.315,,
117046,117002.025,,
111642,110027.856,,
103794,102040.589,,
92939,94958.92,,
87817,89722.312,,
86133,85955.433,,
83816,83442.609,,
83692,83210.764,,
86384,85459.01,,
90317,89453.2,,
95993,94967.415,,
102837,102020.404,,
109931,109688.684,,
117937,117480.589,,
125089,124323.41,,
131660,130229.505,,
136850,134502.987,,
139591,136968.544,,
140553,138139.796,,
141269,139645.289,,
141342,139600.556,,
138796,137903.509,,
134273,132471.367,,
129209,125965.186,,
123326,120032.848,,
113906,111310.981,,
104190,102049.358,,
96036,94032.656,,
90343,88055.612,,
85177,83824.902,,
82597,81372.727,,
81930,80681.824,,
83906,82677.073,,
87987,86594.87,,
94871,91955.314,,
101850,98575.376,,
106332,105855.475,,
114119,113930.827,,
121733,121651.728,,
128168,127698.799,,
134715,132565.831,,
140156,135608.786,,
141937,138169.384,,
140820,139892.27,,
141490,140427.912,,
139638,139384.223,,
135019,134505.008,,
130083,128323.203,,
123633,122576.154,,
116009,113579.983,,
107493,104131.367,,
97792,96096.434,,
91693,90276.507,,
86688,86242.017,,
84219,83656.115,,
83581,83018.796,,
85437,84961.741,,
89450,88372.422,,
95044,93778.176,,
100873,100122.029,,
107359,107031.551,,
114351,114180.951,,
121353,120998.752,,
127310,127008.911,,
131815,131537.611,,
136783,134279.781,,
138790,135889.612,,
138407,137035.927,,
137538,137242.531,,
135331,135193.536,,
130164,130509.101,,
125088,125409.688,,
120080,120798.06,,
111970,112626.034,,
103116,103619.446,,
95329,96030.359,,
90669,90488.088,,
87304,86819.742,,
84977,84498.129,,
84396,83555.221,,
86390,85507.71,,
89550,89518.16,,
94973,94483.762,,
101023,99412.98,,
106015,104503.635,,
111565,110382.121,,
115490,116304.812,,
121238,121729.168,,
124810,125977.757,,
127096,128680.16,,
128922,129732.826,,
129274,129665.499,,
130238,129213.848,,
128131,126928.566,,
123524,123121.723,,
118773,118848.852,,
115130,114866.142,,
107671,107897.23,,
100494,100384.633,,
92923,93639.228,,
88246,88456.408,,
85100,84868.041,,
83174,82784.746,,
83274,82504.727,,
85244,84511.638,,
89181,87759.353,,
93704,92482.044,,
98245,98191.93,,
103128,103663.935,,
107792,108394.734,,
112284,112978.795,,
116242,116521.51,,
119690,119643.002,,
121569,121405.666,,
121018,122153.676,,
120902,122405.153,,
120165,121453.258,,
118016,117972.724,,
113811,112319.352,,
109324,106796.232,,
104147,102655.789,,
97430,96054.152,,
90147,88655.042,,
82397,82218.236,,
77561,77202.077,,
74274,73684.486,,
72009,71030.511,,
70686,69943.85,,
70529,70051.056,,
71066,70645.65,,
73322,72778.659,,
77704,76482.659,,
82423,80724.403,,
86477,84556.098,,
89438,88066.617,,
92717,91890.472,,
94551,94884.125,,
97477,97978.846,,
99878,100843.882,,
103023,103071.111,,
104493,104055.809,,
103142,102819.373,,
100089,99606.483,,
95443,96687.188,,
93270,94112.909,,
89051,89468.642,,
83696,83937.527,,
76870,78640.377,,
72806,74485.912,,
71326,71680.621,,
70102,69734.439,,
69331,68869.465,,
69073,68822.549,,
69269,68975.446,,
71294,70562.566,,
75625,74805.993,,
80210,79405.868,,
84958,83872.055,,
88758,87691.038,,
92083,90716.386,,
94596,93120.598,,
95505,94583.045,,
97442,95949.987,,
98379,98115.554,,
99089,100012.271,,
98957,99801.343,,
98207,97386.293,,
94945,94866.852,,
92118,92420.24,,
87797,86898.68,,
80822,81035.815,,
76553,75907.358,,
72936,72147.807,,
70406,69744.063,,
69380,68652.429,,
69797,69015.537,,
72721,71546.607,,
76708,75475.096,,
81677,80117.415,,
85631,84520.035,,
88778,88628.972,,
92425,92378.51,,
96026,95868.83,,
99799,99230.888,,
103194,102229.904,,
105412,104911.713,,
107298,106853.858,,
108916,108695.403,,
109714,110197.197,,
108773,109369.233,,
105891,105876.987,,
102662,101618.266,,
99029,97633.679,,
92107,90843.411,,
84712,83482.716,,
77644,77642.683,,
73510,73438.733,,
71324,70859.51,,
69932,69374.411,,
70311,69569.355,,
72673,72152.629,,
76928,76218.594,,
81937,80312.601,,
86361,84486.846,,
89718,88331.831,,
92854,92012.539,,
96477,95353.176,,
99862,98804.07,,
103196,102011.974,,
105298,104722.036,,
107742,107061.584,,
109669,108680.408,,
110762,109446.578,,
109645,108115.616,,
106043,105055.53,,
102057,102088.684,,
98989,98752.318,,
92491,92198.273,,
85387,85073.389,,
79145,79203.576,,
74873,74894.932,,
72732,72155.498,,
71269,70688.061,,
71304,70841.275,,
73716,73308.74,,
77909,77314.977,,
82800,81344.675,,
87018,85665.523,,
90902,89433.506,,
94855,93433.936,,
98307,97168.866,,
101968,100968.181,,
105380,104453.26,,
108301,107473.48,,
110730,109763.587,,
112321,111798.023,,
113362,112471.119,,
112346,110901.885,,
108823,107032.342,,
104676,103699.004,,
101170,100211.206,,
94651,93586.211,,
87086,86383.638,,
80875,80431.68,,
76282,75905.593,,
73912,72916.994,,
72246,71410.552,,
72098,71336.806,,
74738,73750.721,,
78861,77818.767,,
83602,82074.386,,
88371,86888.918,,
92762,91865.099,,
97718,97365.981,,
102825,102817.18,,
107811,107936.853,,
112747,113113.478,,
116776,117014.362,,
120242,120150.684,,
122619,122814.903,,
123611,124066.35,,
121808,122345.023,,
118686,117852.42,,
113758,112801.697,,
109350,108298.896,,
102194,100518.915,,
93503,92592.956,,
86063,85816.273,,
80894,80954.146,,
77893,77328.519,,
75958,75452.296,,
75593,75046.378,,
77379,77141.678,,
80880,80866.463,,
85992,85518.857,,
92120,91470.166,,
97865,97607.79,,
104264,104705.028,,
110481,111468.33,,
116287,117696.658,,
121488,123090.927,,
126705,126554.07,,
130890,128993.497,,
132215,130604.555,,
132303,130309.604,,
128546,126828.311,,
122104,121036.048,,
116148,116223.454,,
111545,111299.337,,
104580,103656.222,,
96403,95590.253,,
89103,88648.151,,
83701,83295.805,,
79776,79397.989,,
77017,76715.282,,
75468,75324.922,,
75278,75497.256,,
75536,76262.705,,
78618,78823.684,,
84606,84353.954,,
91490,90998.246,,
97769,97657.767,,
103732,102971.946,,
108707,107306.63,,
111473,110506.537,,
113743,112736.452,,
114984,113893.037,,
115968,114247.085,,
114781,113371.303,,
112331,110939.585,,
108614,107404.241,,
104620,104833.942,,
101194,101883.514,,
96904,96658.353,,
90766,90632.328,,
84908,84756.855,,
81350,80292.815,,
76775,76971.821,,
74738,74570.124,,
73514,72932.436,,
72784,72617.177,,
72764,72621.556,,
74732,74381.444,,
80348,79502.459,,
87142,85895.008,,
93692,92599.536,,
100186,99327.229,,
106425,105253.291,,
111315,109587.738,,
114782,113514.018,,
117623,117368.683,,
121147,120507.703,,
122385,122455.899,,
121523,121404.584,,
118430,117077.907,,
114276,113115.708,,
109747,108630.128,,
103213,101517.786,,
96014,94103.026,,
88934,87841.112,,
84247,83284.067,,
80721,80295.417,,
78553,78450.733,,
78821,78785.299,,
81161,81643.068,,
85599,86019.914,,
91243,91294.219,,
98478,97607.143,,
105175,104219.082,,
111766,111404.559,,
118375,118149.285,,
123648,124243.927,,
129049,128584.774,,
132310,131243.578,,
134324,132704.07,,
134955,132987.592,,
133792,132504.515,,
131752,128882.86,,
127605,124148.916,,
122192,120444.737,,
116488,115809.821,,
108927,108302.055,,
100631,100718.966,,
97362,94124.479,,
90108,89418.382,,
85824,86038.61,,
84089,84127.524,,
83826,84128.705,,
86517,86726.964,,
91214,91627.015,,
96872,96549.353,,
103008,102183.463,,
110053,107880.738,,
116287,114889.905,,
122572,121690.521,,
128831,128088.587,,
134181,133061.5,,
138112,136518.918,,
140628,138610.715,,
141553,139599.3,,
141774,138839.562,,
139874,135836.271,,
134486,130703.488,,
129507,124922.954,,
122837,118365.803,,
113544,110879.037,,
103622,102804.634,,
101037,96237.633,,
93401,91097.836,,
87876,87758.446,,
85557,85698.016,,
85464,85552.123,,
88114,88277.821,,
93285,93114.505,,
98880,98430.422,,
104827,104884.278,,
112378,111823.972,,
119783,119083.12,,
127456,125105.566,,
133277,130208.628,,
138599,134997.271,,
142292,138240.462,,
145928,140676.362,,
144646,141100.366,,
145433,139327.404,,
139402,136295.075,,
136263,131389.698,,
130315,126158.502,,
125240,121075.631,,
114245,113290.79,,
105736,105511.207,,
101993,98867.175,,
96363,93817.673,,
89642,90341.531,,
87487,88033.596,,
87477,87345.596,,
90038,89628.333,,
94564,93637.507,,
100475,98820.627,,
106371,105256.354,,
114937,112349.224,,
121229,120518.801,,
128973,128550.712,,
136981,136099.373,,
142047,142403.685,,
147079,145902.419,,
149615,147638.654,,
151437,148208.776,,
149213,147207.681,,
146031,145148.679,,
140728,140165.654,,
135353,135472.571,,
129250,129517.991,,
120829,120644.125,,
110973,112181.422,,
102432,104713.073,,
96561,98805.561,,
93596,94315.091,,
91621,91236.308,,
90517,90105.097,,
92266,91643.587,,
96066,95189.95,,
101283,99655.58,,
107723,106221.96,,
114725,113416.125,,
120570,120752.924,,
128191,128093.153,,
134060,134336.976,,
139327,139025.203,,
142097,141100.084,,
142268,141841.385,,
142271,141447.274,,
141077,139326.587,,
135678,134391.232,,
131446,128406.212,,
126698,123336.14,,
119318,117716.677,,
111849,110203.115,,
103378,102257.853,,
97131,95325.101,,
91637,90100.676,,
86746,86065.666,,
84040,83463.266,,
82495,81888.002,,
82479,82018.851,,
83067,82644.917,,
86327,84955.673,,
92859,90664.892,,
99664,97413.885,,
105004,104037.357,,
110627,109848.98,,
115165,114524.405,,
119651,117806.584,,
121182,120166.528,,
120759,122470.852,,
122005,124405.216,,
124994,123687.312,,
123082,120509.591,,
117276,115401.636,,
112577,110701.773,,
107735,106150.587,,
101254,99507.522,,
94826,92607.974,,
85928,86140.419,,
81370,81174.853,,
78262,77469.705,,
75881,75021.994,,
74384,73322.886,,
74153,72541.545,,
74224,72328.211,,
75206,73581.482,,
79373,77169.272,,
83871,81384.29,,
88719,85898.309,,
92061,90291.249,,
96433,94297.963,,
98634,97806.753,,
102310,101056.264,,
104582,104134.269,,
106720,106712.567,,
108458,108046.877,,
108522,107260.066,,
104916,104199.698,,
101970,101917.925,,
98394,98854.073,,
94011,93450.597,,
88333,87663.128,,
83262,82674.805,,
79383,79026.549,,
76417,76704.07,,
75084,75723.707,,
76077,76350.875,,
78997,79541.138,,
83693,84579.9,,
89078,89508.862,,
94869,93708.218,,
99274,97687.316,,
103506,101603.307,,
107461,105250.929,,
111340,108864.096,,
114150,112030.997,,
116426,114123.591,,
118249,115476.544,,
117614,116537.333,,
117919,116968.514,,
116399,115546.07,,
113219,112677.878,,
109695,110376.096,,
105753,106410.989,,
99895,99861.377,,
92441,93183.551,,
88485,87440.828,,
84072,83482.933,,
81205,80838.279,,
79682,79186.411,,
79947,79470.977,,
82871,82643.864,,
87664,88022.303,,
92471,92607.584,,
97566,97125.22,,
101626,101582.257,,
105918,106593.385,,
110474,111570.057,,
115209,115883.58,,
120061,119654.704,,
122841,122408.034,,
124538,124109.292,,
125114,124866.343,,
125986,124800.227,,
123221,122656.524,,
119096,119254.96,,
115136,117008.094,,
110950,112693.279,,
103994,106224.408,,
98684,98796.098,,
90961,92836.006,,
86352,88670.662,,
85582,85580.43,,
84136,83659.067,,
84430,84000.486,,
87097,87246.29,,
91848,92872.525,,
96147,97528.829,,
102148,102225.056,,
106761,107080.087,,
111810,112443.848,,
116673,117519.717,,
122077,122006.555,,
125760,125872.842,,
128662,128971.027,,
130254,130976.72,,
132451,132141.05,,
131838,132268.786,,
130157,130101.81,,
126444,126529.671,,
122507,123362.542,,
117922,118802.75,,
109313,111438.13,,
101546,103956.515,,
97066,97373.722,,
91599,92471.32,,
88464,89082.862,,
86767,86822.058,,
86549,86608.721,,
89578,89203.329,,
93960,93988.561,,
98558,98499.444,,
103640,103781.368,,
108886,109461.7,,
114153,115583.046,,
119815,121018.648,,
126823,125490.295,,
130943,129025.954,,
133525,131747.456,,
135068,133683.573,,
135947,135077.857,,
135792,134934.886,,
132827,132390.754,,
128147,127527.202,,
124207,123724.059,,
118896,118064.411,,
111189,110099.799,,
102954,102017.998,,
95313,95026.568,,
90248,90008.453,,
86823,86389.714,,
84846,84438.873,,
84133,83967.646,,
85952,86087.972,,
90828,90949.655,,
95425,94968.854,,
100398,99708.477,,
104911,104457.434,,
109458,109254.17,,
113814,113755.856,,
117594,118027.194,,
120902,122266.476,,
123545,125013.125,,
126392,126934.714,,
127590,128713.09,,
126854,129090.653,,
125174,126082.293,,
120603,121021.246,,
115504,116767.364,,
110927,111464.843,,
105046,104484.154,,
97048,96850.663,,
88663,90171.846,,
83764,85002.322,,
80985,81449.95,,
78918,78797.617,,
77914,77469.701,,
77960,77587.346,,
79235,78895.379,,
81613,81443.409,,
87177,87370.198,,
93581,94601.34,,
100793,102325.879,,
107459,108967.364,,
114004,114156.106,,
118336,117734.56,,
121281,120112.884,,
123323,121445.986,,
124208,122468.463,,
123835,122592.21,,
120725,120804.211,,
116321,116806.893,,
112874,113268.178,,
108861,108716.963,,
102551,102505.833,,
95692,95874.596,,
90076,89723.158,,
85184,85235.704,,
81870,81416.572,,
79255,78858.887,,
77450,77123.903,,
76732,76724.468,,
77212,76887.558,,
79023,78016.421,,
84191,83053.496,,
90842,89954.2,,
97869,96873.665,,
104826,103845.871,,
110044,109085.823,,
114431,112907.635,,
117399,115377.25,,
119580,117235.523,,
120493,118526.63,,
120170,119376.534,,
118326,117652.828,,
114696,114841.684,,
111797,112108.884,,
108298,107557.441,,
102339,100909.427,,
95328,94129.057,,
88166,88284.733,,
83447,83967.129,,
81237,81233.05,,
79836,79741.113,,
80116,80207.336,,
82941,83390.598,,
88050,89338.148,,
93513,94064.947,,
99879,99742.579,,
107048,106000.299,,
113667,113366.801,,
120312,120152.427,,
126528,126327.905,,
131793,131837.901,,
135489,135586.639,,
137960,138325.637,,
139505,140331.142,,
140118,140674.466,,
138460,138380.427,,
133761,133653.349,,
131573,129351.821,,
123857,122771.419,,
114923,113663.926,,
106090,104672.357,,
97029,97455.716,,
91740,91942.782,,
88830,88008.213,,
86446,85687.587,,
85834,85161.393,,
88495,87808.741,,
93185,93150.219,,
98318,97984.24,,
104693,104624.405,,
111776,112157.709,,
119640,120157.873,,
127774,127923.367,,
134692,135011.471,,
140402,140994.021,,
144524,144551.819,,
147564,147019.362,,
149625,148744.069,,
149469,148750.866,,
146756,146320.018,,
141252,140264.717,,
136369,135252.362,,
129514,127315.625,,
120171,117502.384,,
109832,108078.595,,
100623,100092.657,,
94977,94107.889,,
90896,89831.412,,
88114,87038.94,,
87605,86641.247,,
89392,88945.829,,
93167,93809.282,,
99657,98544.039,,
105899,104395.88,,
113579,112178.898,,
121918,120607.605,,
129566,128434.54,,
136636,134205.308,,
142173,139025.846,,
144734,141618.161,,
146283,143206.676,,
145994,143901.353,,
144700,143135.603,,
141669,140676.382,,
136773,135488.793,,
132825,131020.831,,
126157,123975.257,,
117376,114860.391,,
107430,106094.906,,
100908,98453.914,,
95240,93195.511,,
89772,89251,,
87206,86916.974,,
86527,86509.85,,
89432,88992.457,,
93879,94499.768,,
98786,99234.012,,
105248,105171.991,,
112366,112370.771,,
120336,120433.064,,
128533,128749.292,,
135198,136298.155,,
140743,142251.832,,
146930,145148.41,,
148660,145830.94,,
148426,144839.033,,
147461,143859.941,,
141324,141232.805,,
137030,136193.471,,
131233,132274.038,,
125131,125686.971,,
118037,116959.762,,
108289,108100.146,,
101128,100632.161,,
95406,95201.089,,
91923,91123.66,,
89203,88633.364,,
88669,87955.744,,
90708,90293.726,,
94779,95214.951,,
100121,99913.535,,
106649,106216.235,,
113796,113712.268,,
121268,121934.768,,
129763,130073.61,,
136147,137222.837,,
142124,142575.95,,
145457,145333.684,,
148047,145034.731,,
145819,144132.801,,
143194,142186.965,,
139479,138129.146,,
133390,132574.877,,
129004,128110.804,,
122042,122104.821,,
114426,114734.119,,
106024,106938.781,,
98580,100159.684,,
92904,94520.517,,
91023,90495.588,,
88194,87519.76,,
86380,85899.124,,
86389,85763.514,,
87211,86981.547,,
89406,89131.356,,
95565,94673.937,,
103032,101848.396,,
110829,109134.9,,
117787,115952.539,,
122018,121214.864,,
126063,124792.078,,
127864,127129.37,,
129181,128487.069,,
129477,129164.603,,
128271,128549.959,,
127129,125701.372,,
122727,121540.798,,
118567,118138.647,,
113779,113231.682,,
107153,106699.798,,
99950,99838.036,,
94228,95915.29091,,
89111,90280.1,,
85664,86426.34545,,
82719,83388.14545,,
80921,81682.32727,,
80393,80822.52727,,
80475,81296.50909,,
82342,81876.94545,,
88356,85832.59091,,
95472,92230.85455,,
102806,97993.02727,,
107979,103751.6636,,
112913,110180.2909,,
116265,115212.3,,
119923,118035.9182,,
122038,119714.1273,,
122516,121192.7455,,
122669,121538.2727,,
121173,121176.6273,,
117971,119413.7727,,
115608,117537.8636,,
111527,113493.8818,,
105469,106777.5,,
98113,99839.70909,,
91268,93157.28182,,
86845,88371.01818,,
84009,85079.06364,,
82500,83370.4,,
82605,82947.20909,,
85682,85348.6,,
91423,91002.90909,,
96352,95823.28182,,
102850,100423.5727,,
108201,105625.2636,,
114992,111605.1909,,
120532,117818.0727,,
126196,123347.1364,,
130018,128727.1636,,
133141,132716.3091,,
135209,135089.0636,,
135932,136045.7091,,
135440,135591.5091,,
132257,132672.1182,,
128306,127869.12,,
123904,123661.7091,,
117848,117948.4091,,
109356,110074.2091,,
100964,103577.9818,,
93211,93856.9,,
88285,88743.82727,,
84184,85458.32727,,
82094,82964.72727,,
82152,82062.26364,,
84985,84259.32727,,
90330,89654.39091,,
95197,94349.17273,,
100489,98126.97273,,
104738,102117.8273,,
109505,107039.2,,
113154,112135.7182,,
118857,116520.9182,,
122061,120277.7,,
124320,122025.7364,,
123428,122426.64,,
123555,122433.3364,,
122007,121462.0727,,
119139,119181.2818,,
115934,116135.9273,,
113070,114608.44,,
108626,110630.37,,
101559,103876.5545,,
94640,96829.13636,,
87121,90394.74,,
84075,86201.89091,,
81367,83229.80909,,
80287,81214.80909,,
81171,80875.56364,,
83122,82805.71818,,
88553,87764.83636,,
92425,92587.23636,,
96350,95794.19091,,
99835,98698.39091,,
102921,101906.4818,,
105838,104762.9818,,
108331,107304.5091,,
110403,109144.6818,,
111451,110116.0818,,
111369,110441.4364,,
111585,111738.2636,,
111390,112304.5545,,
110282,110401.0818,,
107571,107002.8273,,
104630,103845.9636,,
100528,99477.82727,,
94312,93064.57273,,
86020,86194.35,,
80388,79929.9,,
75700,75971.84,,
72753,72706.94286,,
70940,71158.06,,
71211,70682.54545,,
73950,72325.13,,
79382,77049.40909,,
83210,80991.82727,,
86806,83860.3,,
89125,86523.91818,,
90736,89292.38182,,
92896,91635.37273,,
95089,94227.21818,,
97388,97084.29091,,
99276,99632.83636,,
101908,102016.3455,,
103872,104146.9818,,
104758,105409.7636,,
104198,104040.3364,,
101531,100255.8182,,
99281,98025.16364,,
92974,94010.47273,,
87130,87842.29091,,
80562,81360.98182,,
75185,75846.85455,,
71709,71814.68182,,
68492,69393.8,,
67185,67951.77273,,
67839,67657.08333,,
70594,,,
75316,,,
79405,,,
82551,,,
85151,,,
87800,,,
90079,,,
92186,,,
94380,,,
95987,,,
97077,,,
98066,,,
98374,,,
96642,,,
93685,,,
91405,,,
88655,,,
83732,,,
78056,,,
72282,,,
68588,,,
66297,,,
64818,,,
64414,,,
65184,,,
66572,,,
68884,,,
72773,,,
76720,,,
80175,,,
83060,,,
85510,,,
87652,,,
89513,,,
91268,,,
93065,,,
94137,,,
93416,,,
91347,,,
89776,,,
87294,,,
82798,,,
77622,,,
73572,,,
69930,,,
67562,,,
65899,,,
65148,,,
65317,,,
65842,,,
67499,,,
71571,,,
76133,,,
80212,,,
83925,,,
87169,,,
89753,,,
91715,,,
93537,,,
95532,,,
97207,,,
97056,,,
95574,,,
94251,,,
91637,,,
86605,,,
81042,,,
76158,,,
72142,,,
69455,,,
67584,,,
66670,,,
66669,,,
67217,,,
68862,,,
73068,,,
77979,,,
82575,,,
86926,,,
90972,,,
94282,,,
96930,,,
99182,,,
101230,,,
102448,,,
101420,,,
99162,,,
97196,,,
93831,,,
88264,,,
82388,,,
77322,,,
73419,,,
70941,,,
69549,,,
69945,,,
72775,,,
77840,,,
82226,,,
86201,,,
90193,,,
94398,,,
98560,,,
102580,,,
106391,,,
109134,,,
111165,,,
112703,,,
113220,,,
111422,,,
108218,,,
105253,,,
100961,,,
93976,,,
86849,,,
80046,,,
75981,,,
73529,,,
72195,,,
72519,,,
75666,,,
81188,,,
85778,,,
89610,,,
93463,,,
97531,,,
101477,,,
105007,,,
108152,,,
110073,,,
111198,,,
111902,,,
111646,,,
109592,,,
106711,,,
104211,,,
99988,,,
93181,,,
86227,,,
